[browser] A tree hydrated but some attributes of the server rendered HTML didn't match the client properties. This won't be patched up. This can happen if a SSR-ed Client Component used:

- A server/client branch `if (typeof window !== 'undefined')`.
- Variable input such as `Date.now()` or `Math.random()` which changes each time it's called.
- Date formatting in a user's locale which doesn't match the server.
- External changing data without sending a snapshot of it along with the HTML.
- Invalid HTML tag nesting.

It can also happen if the client has a browser extension installed which messes with the HTML before React loaded.

https://react.dev/link/hydration-mismatch

  ...
    <InnerLayoutRouter url="/" tree={[...]} params={{}} cacheNode={{rsc:{...}, ...}} segmentPath={[...]} ...>
      <SegmentViewNode type="page" pagePath="page.tsx">
        <SegmentTrieNode>
        <Home>
          <Navbar>
          <main className="flex flex-col">
            <Hero>
            <DetectionPipeline>
            <DashboardPreview>
            <ExplainableAI>
              <section id="explainabi..." className="relative p...">
                <div className="mx-auto ma...">
                  <div>
                  <div className="grid gap-8...">
                    <motion.div initial={{opacity:0,x:-30}} whileInView={{opacity:1,x:0}} viewport={{once:true, ...}} ...>
                      <div className="card-eleva..." style={{opacity:0, ...}} ref={function useMotionRef.useCallback}>
                        <div>
                        <div className="mb-6 space...">
                          <div>
                          <div className="flex gap-0.5">
                            <div
                              className="h-8 flex-1 rounded-sm"
                              style={{
+                               backgroundColor: "rgba(0, 212, 255, 0.0928795176907581)"
-                               background-color: "rgba(0, 212, 255, 0.055)"
                              }}
                            >
                            <div
                              className="h-8 flex-1 rounded-sm"
                              style={{
+                               backgroundColor: "rgba(0, 212, 255, 0.09065030366410838)"
-                               background-color: "rgba(0, 212, 255, 0.16)"
                              }}
                            >
                            <div
                              className="h-8 flex-1 rounded-sm"
                              style={{
+                               backgroundColor: "rgba(0, 212, 255, 0.10154473230086493)"
-                               background-color: "rgba(0, 212, 255, 0.07)"
                              }}
                            >
                            <div
                              className="h-8 flex-1 rounded-sm"
                              style={{
+                               backgroundColor: "rgba(0, 212, 255, 0.17450581390146225)"
-                               background-color: "rgba(0, 212, 255, 0.106)"
                              }}
                            >
                            <div
                              className="h-8 flex-1 rounded-sm"
                              style={{
+                               backgroundColor: "rgba(0, 212, 255, 0.18450574395557384)"
-                               background-color: "rgba(0, 212, 255, 0.07)"
                              }}
                            >
                            <div
                              className="h-8 flex-1 rounded-sm"
                              style={{
+                               backgroundColor: "rgba(0, 212, 255, 0.11274100580802282)"
-                               background-color: "rgba(0, 212, 255, 0.192)"
                              }}
                            >
                            <div
                              className="h-8 flex-1 rounded-sm"
                              style={{
+                               backgroundColor: "rgba(0, 212, 255, 0.10155366389423783)"
-                               background-color: "rgba(0, 212, 255, 0.176)"
                              }}
                            >
                            <div
                              className="h-8 flex-1 rounded-sm"
                              style={{
+                               backgroundColor: "rgba(0, 212, 255, 0.1646852671633609)"
-                               background-color: "rgba(0, 212, 255, 0.125)"
                              }}
                            >
                            <div
                              className="h-8 flex-1 rounded-sm"
                              style={{
+                               backgroundColor: "rgba(0, 212, 255, 0.159730750710067)"
-                               background-color: "rgba(0, 212, 255, 0.12)"
                              }}
                            >
                            <div
                              className="h-8 flex-1 rounded-sm"
                              style={{
+                               backgroundColor: "rgba(0, 212, 255, 0.17430626355936843)"
-                               background-color: "rgba(0, 212, 255, 0.2)"
                              }}
                            >
                            <div
                              className="h-8 flex-1 rounded-sm"
                              style={{
+                               backgroundColor: "rgba(0, 212, 255, 0.1884775253392455)"
-                               background-color: "rgba(0, 212, 255, 0.1)"
                              }}
                            >
                            <div
                              className="h-8 flex-1 rounded-sm"
                              style={{
+                               backgroundColor: "rgba(0, 212, 255, 0.16989245337413636)"
-                               background-color: "rgba(0, 212, 255, 0.082)"
                              }}
                            >
                            <div
                              className="h-8 flex-1 rounded-sm"
                              style={{
+                               backgroundColor: "rgba(0, 212, 255, 0.1977259670969264)"
-                               background-color: "rgba(0, 212, 255, 0.14)"
                              }}
                            >
                            <div
                              className="h-8 flex-1 rounded-sm"
                              style={{
+                               backgroundColor: "rgba(0, 212, 255, 0.08885929790474248)"
-                               background-color: "rgba(0, 212, 255, 0.157)"
                              }}
                            >
                            <div
                              className="h-8 flex-1 rounded-sm"
                              style={{
+                               backgroundColor: "rgba(0, 212, 255, 0.07794651812813805)"
-                               background-color: "rgba(0, 212, 255, 0.137)"
                              }}
                            >
                            <div
                              className="h-8 flex-1 rounded-sm"
                              style={{
+                               backgroundColor: "rgba(0, 212, 255, 0.187882593741781)"
-                               background-color: "rgba(0, 212, 255, 0.098)"
                              }}
                            >
                            <div
                              className="h-8 flex-1 rounded-sm"
                              style={{
+                               backgroundColor: "rgba(0, 212, 255, 0.16724321932886332)"
-                               background-color: "rgba(0, 212, 255, 0.063)"
                              }}
                            >
                            <div
                              className="h-8 flex-1 rounded-sm"
                              style={{
+                               backgroundColor: "rgba(0, 212, 255, 0.1333664836169481)"
-                               background-color: "rgba(0, 212, 255, 0.145)"
                              }}
                            >
                            <div
                              className="h-8 flex-1 rounded-sm"
                              style={{
+                               backgroundColor: "rgba(0, 212, 255, 0.15968008619551777)"
-                               background-color: "rgba(0, 212, 255, 0.165)"
                              }}
                            >
                            <div
                              className="h-8 flex-1 rounded-sm"
                              style={{
+                               backgroundColor: "rgba(0, 212, 255, 0.057431403857769986)"
-                               background-color: "rgba(0, 212, 255, 0.118)"
                              }}
                            >
                            <div
                              className="h-8 flex-1 rounded-sm"
                              style={{
+                               backgroundColor: "rgba(0, 212, 255, 0.8912552777037459)"
-                               background-color: "rgba(0, 212, 255, 0.973)"
                              }}
                            >
                            <div
                              className="h-8 flex-1 rounded-sm"
                              style={{
+                               backgroundColor: "rgba(0, 212, 255, 0.8345163423852675)"
-                               background-color: "rgba(0, 212, 255, 0.89)"
                              }}
                            >
                            <div
                              className="h-8 flex-1 rounded-sm"
                              style={{
+                               backgroundColor: "rgba(0, 212, 255, 0.8063084439330367)"
-                               background-color: "rgba(0, 212, 255, 0.87)"
                              }}
                            >
                            <div
                              className="h-8 flex-1 rounded-sm"
                              style={{
+                               backgroundColor: "rgba(0, 212, 255, 0.9495419408502175)"
-                               background-color: "rgba(0, 212, 255, 0.984)"
                              }}
                            >
                            <div
                              className="h-8 flex-1 rounded-sm"
                              style={{
+                               backgroundColor: "rgba(0, 212, 255, 0.8173804433338365)"
-                               background-color: "rgba(0, 212, 255, 0.96)"
                              }}
                            >
                            <div
                              className="h-8 flex-1 rounded-sm"
                              style={{
+                               backgroundColor: "rgba(0, 212, 255, 0.8492598912081831)"
-                               background-color: "rgba(0, 212, 255, 0.898)"
                              }}
                            >
                            <div
                              className="h-8 flex-1 rounded-sm"
                              style={{
+                               backgroundColor: "rgba(0, 212, 255, 0.9293131482521914)"
-                               background-color: "rgba(0, 212, 255, 0.97)"
                              }}
                            >
                            <div
                              className="h-8 flex-1 rounded-sm"
                              style={{
+                               backgroundColor: "rgba(0, 212, 255, 0.12356131498319615)"
-                               background-color: "rgba(0, 212, 255, 0.14)"
                              }}
                            >
                            <div
                              className="h-8 flex-1 rounded-sm"
                              style={{
+                               backgroundColor: "rgba(0, 212, 255, 0.08570620824995992)"
-                               background-color: "rgba(0, 212, 255, 0.17)"
                              }}
                            >
                            <div
                              className="h-8 flex-1 rounded-sm"
                              style={{
+                               backgroundColor: "rgba(0, 212, 255, 0.05410773650338877)"
-                               background-color: "rgba(0, 212, 255, 0.09)"
                              }}
                            >
                            <div
                              className="h-8 flex-1 rounded-sm"
                              style={{
+                               backgroundColor: "rgba(0, 212, 255, 0.10925974912099364)"
-                               background-color: "rgba(0, 212, 255, 0.082)"
                              }}
                            >
                            <div
                              className="h-8 flex-1 rounded-sm"
                              style={{
+                               backgroundColor: "rgba(0, 212, 255, 0.09559957719977281)"
-                               background-color: "rgba(0, 212, 255, 0.082)"
                              }}
                            >
                            <div
                              className="h-8 flex-1 rounded-sm"
                              style={{
+                               backgroundColor: "rgba(0, 212, 255, 0.1803842537891548)"
-                               background-color: "rgba(0, 212, 255, 0.192)"
                              }}
                            >
                            <div
                              className="h-8 flex-1 rounded-sm"
                              style={{
+                               backgroundColor: "rgba(0, 212, 255, 0.14236154660784328)"
-                               background-color: "rgba(0, 212, 255, 0.05)"
                              }}
                            >
                            <div
                              className="h-8 flex-1 rounded-sm"
                              style={{
+                               backgroundColor: "rgba(0, 212, 255, 0.09300750565673147)"
-                               background-color: "rgba(0, 212, 255, 0.086)"
                              }}
                            >
                            <div
                              className="h-8 flex-1 rounded-sm"
                              style={{
+                               backgroundColor: "rgba(0, 212, 255, 0.13088847464859238)"
-                               background-color: "rgba(0, 212, 255, 0.133)"
                              }}
                            >
                            <div
                              className="h-8 flex-1 rounded-sm"
                              style={{
+                               backgroundColor: "rgba(0, 212, 255, 0.14731033557139447)"
-                               background-color: "rgba(0, 212, 255, 0.184)"
                              }}
                            >
                            <div
                              className="h-8 flex-1 rounded-sm"
                              style={{
+                               backgroundColor: "rgba(0, 212, 255, 0.0864710164812846)"
-                               background-color: "rgba(0, 212, 255, 0.19)"
                              }}
                            >
                            <div
                              className="h-8 flex-1 rounded-sm"
                              style={{
+                               backgroundColor: "rgba(0, 212, 255, 0.0853600199652679)"
-                               background-color: "rgba(0, 212, 255, 0.145)"
                              }}
                            >
                            <div
                              className="h-8 flex-1 rounded-sm"
                              style={{
+                               backgroundColor: "rgba(0, 212, 255, 0.1594254682298574)"
-                               background-color: "rgba(0, 212, 255, 0.176)"
                              }}
                            >
                            <div
                              className="h-8 flex-1 rounded-sm"
                              style={{
+                               backgroundColor: "rgba(0, 212, 255, 0.11486627293128024)"
-                               background-color: "rgba(0, 212, 255, 0.19)"
                              }}
                            >
                            <div
                              className="h-8 flex-1 rounded-sm"
                              style={{
+                               backgroundColor: "rgba(0, 212, 255, 0.09600583205031835)"
-                               background-color: "rgba(0, 212, 255, 0.17)"
                              }}
                            >
                            <div
                              className="h-8 flex-1 rounded-sm"
                              style={{
+                               backgroundColor: "rgba(0, 212, 255, 0.062455288328358984)"
-                               background-color: "rgba(0, 212, 255, 0.106)"
                              }}
                            >
                            <div
                              className="h-8 flex-1 rounded-sm"
                              style={{
+                               backgroundColor: "rgba(0, 212, 255, 0.09313269385711599)"
-                               background-color: "rgba(0, 212, 255, 0.06)"
                              }}
                            >
                            <div
                              className="h-8 flex-1 rounded-sm"
                              style={{
+                               backgroundColor: "rgba(0, 212, 255, 0.12276221743905229)"
-                               background-color: "rgba(0, 212, 255, 0.11)"
                              }}
                            >
                            <div
                              className="h-8 flex-1 rounded-sm"
                              style={{
+                               backgroundColor: "rgba(0, 212, 255, 0.15687193003314479)"
-                               background-color: "rgba(0, 212, 255, 0.15)"
                              }}
                            >
                            <div
                              className="h-8 flex-1 rounded-sm"
                              style={{
+                               backgroundColor: "rgba(0, 212, 255, 0.08668664615893848)"
-                               background-color: "rgba(0, 212, 255, 0.17)"
                              }}
                            >
                            <div
                              className="h-8 flex-1 rounded-sm"
                              style={{
+                               backgroundColor: "rgba(0, 212, 255, 0.09865786181410793)"
-                               background-color: "rgba(0, 212, 255, 0.16)"
                              }}
                            >
                            <div
                              className="h-8 flex-1 rounded-sm"
                              style={{
+                               backgroundColor: "rgba(0, 212, 255, 0.09196897443950165)"
-                               background-color: "rgba(0, 212, 255, 0.16)"
                              }}
                            >
                            <div
                              className="h-8 flex-1 rounded-sm"
                              style={{
+                               backgroundColor: "rgba(0, 212, 255, 0.15682887381197214)"
-                               background-color: "rgba(0, 212, 255, 0.12)"
                              }}
                            >
                          ...
                        ...
                    ...
            ...
          ...
      ...
 
[browser] A tree hydrated but some attributes of the server rendered HTML didn't match the client properties. This won't be patched up. This can happen if a SSR-ed Client Component used:

- A server/client branch `if (typeof window !== 'undefined')`.
- Variable input such as `Date.now()` or `Math.random()` which changes each time it's called.
- Date formatting in a user's locale which doesn't match the server.
- External changing data without sending a snapshot of it along with the HTML.
- Invalid HTML tag nesting.

It can also happen if the client has a browser extension installed which messes with the HTML before React loaded.

https://react.dev/link/hydration-mismatch

  ...
    <InnerLayoutRouter url="/" tree={[...]} params={{}} cacheNode={{rsc:{...}, ...}} segmentPath={[...]} ...>
      <SegmentViewNode type="page" pagePath="page.tsx">
        <SegmentTrieNode>
        <Home>
          <Navbar>
          <main className="flex flex-col">
            <Hero>
            <DetectionPipeline>
            <DashboardPreview>
            <ExplainableAI>
              <section id="explainabi..." className="relative p...">
                <div className="mx-auto ma...">
                  <div>
                  <div className="grid gap-8...">
                    <motion.div initial={{opacity:0,x:-30}} whileInView={{opacity:1,x:0}} viewport={{once:true, ...}} ...>
                      <div className="card-eleva..." style={{opacity:0, ...}} ref={function useMotionRef.useCallback}>
                        <div>
                        <div className="mb-6 space...">
                          <div>
                          <div className="flex gap-0.5">
                            <div
                              className="h-8 flex-1 rounded-sm"
                              style={{
+                               backgroundColor: "rgba(0, 212, 255, 0.056099040379130896)"
-                               background-color: "rgba(0, 212, 255, 0.153)"
                              }}
                            >
                            <div
                              className="h-8 flex-1 rounded-sm"
                              style={{
+                               backgroundColor: "rgba(0, 212, 255, 0.1155525747665227)"
-                               background-color: "rgba(0, 212, 255, 0.14)"
                              }}
                            >
                            <div
                              className="h-8 flex-1 rounded-sm"
                              style={{
+                               backgroundColor: "rgba(0, 212, 255, 0.18507889828179097)"
-                               background-color: "rgba(0, 212, 255, 0.157)"
                              }}
                            >
                            <div
                              className="h-8 flex-1 rounded-sm"
                              style={{
+                               backgroundColor: "rgba(0, 212, 255, 0.18799635266785308)"
-                               background-color: "rgba(0, 212, 255, 0.13)"
                              }}
                            >
                            <div
                              className="h-8 flex-1 rounded-sm"
                              style={{
+                               backgroundColor: "rgba(0, 212, 255, 0.05517950695002452)"
-                               background-color: "rgba(0, 212, 255, 0.063)"
                              }}
                            >
                            <div
                              className="h-8 flex-1 rounded-sm"
                              style={{
+                               backgroundColor: "rgba(0, 212, 255, 0.10213908075936337)"
-                               background-color: "rgba(0, 212, 255, 0.055)"
                              }}
                            >
                            <div
                              className="h-8 flex-1 rounded-sm"
                              style={{
+                               backgroundColor: "rgba(0, 212, 255, 0.08885973821137796)"
-                               background-color: "rgba(0, 212, 255, 0.063)"
                              }}
                            >
                            <div
                              className="h-8 flex-1 rounded-sm"
                              style={{
+                               backgroundColor: "rgba(0, 212, 255, 0.05849377062451305)"
-                               background-color: "rgba(0, 212, 255, 0.075)"
                              }}
                            >
                            <div
                              className="h-8 flex-1 rounded-sm"
                              style={{
+                               backgroundColor: "rgba(0, 212, 255, 0.196985219830219)"
-                               background-color: "rgba(0, 212, 255, 0.133)"
                              }}
                            >
                            <div
                              className="h-8 flex-1 rounded-sm"
                              style={{
+                               backgroundColor: "rgba(0, 212, 255, 0.13527920001702842)"
-                               background-color: "rgba(0, 212, 255, 0.082)"
                              }}
                            >
                            <div
                              className="h-8 flex-1 rounded-sm"
                              style={{
+                               backgroundColor: "rgba(0, 212, 255, 0.08450637434452232)"
-                               background-color: "rgba(0, 212, 255, 0.18)"
                              }}
                            >
                            <div
                              className="h-8 flex-1 rounded-sm"
                              style={{
+                               backgroundColor: "rgba(0, 212, 255, 0.08257263207137323)"
-                               background-color: "rgba(0, 212, 255, 0.137)"
                              }}
                            >
                            <div
                              className="h-8 flex-1 rounded-sm"
                              style={{
+                               backgroundColor: "rgba(0, 212, 255, 0.15770043246925702)"
-                               background-color: "rgba(0, 212, 255, 0.094)"
                              }}
                            >
                            <div
                              className="h-8 flex-1 rounded-sm"
                              style={{
+                               backgroundColor: "rgba(0, 212, 255, 0.07036160770305142)"
-                               background-color: "rgba(0, 212, 255, 0.157)"
                              }}
                            >
                            <div
                              className="h-8 flex-1 rounded-sm"
                              style={{
+                               backgroundColor: "rgba(0, 212, 255, 0.12375311093503008)"
-                               background-color: "rgba(0, 212, 255, 0.1)"
                              }}
                            >
                            <div
                              className="h-8 flex-1 rounded-sm"
                              style={{
+                               backgroundColor: "rgba(0, 212, 255, 0.19948143288558623)"
-                               background-color: "rgba(0, 212, 255, 0.13)"
                              }}
                            >
                            <div
                              className="h-8 flex-1 rounded-sm"
                              style={{
+                               backgroundColor: "rgba(0, 212, 255, 0.1866185204070317)"
-                               background-color: "rgba(0, 212, 255, 0.05)"
                              }}
                            >
                            <div
                              className="h-8 flex-1 rounded-sm"
                              style={{
+                               backgroundColor: "rgba(0, 212, 255, 0.1549080725700804)"
-                               background-color: "rgba(0, 212, 255, 0.192)"
                              }}
                            >
                            <div
                              className="h-8 flex-1 rounded-sm"
                              style={{
+                               backgroundColor: "rgba(0, 212, 255, 0.18806235838063518)"
-                               background-color: "rgba(0, 212, 255, 0.19)"
                              }}
                            >
                            <div
                              className="h-8 flex-1 rounded-sm"
                              style={{
+                               backgroundColor: "rgba(0, 212, 255, 0.11978941892886406)"
-                               background-color: "rgba(0, 212, 255, 0.2)"
                              }}
                            >
                            <div
                              className="h-8 flex-1 rounded-sm"
                              style={{
+                               backgroundColor: "rgba(0, 212, 255, 0.8314877678605798)"
-                               background-color: "rgba(0, 212, 255, 0.93)"
                              }}
                            >
                            <div
                              className="h-8 flex-1 rounded-sm"
                              style={{
+                               backgroundColor: "rgba(0, 212, 255, 0.8974263463060579)"
-                               background-color: "rgba(0, 212, 255, 0.976)"
                              }}
                            >
                            <div
                              className="h-8 flex-1 rounded-sm"
                              style={{
+                               backgroundColor: "rgba(0, 212, 255, 0.9021186074530546)"
-                               background-color: "rgba(0, 212, 255, 0.886)"
                              }}
                            >
                            <div
                              className="h-8 flex-1 rounded-sm"
                              style={{
+                               backgroundColor: "rgba(0, 212, 255, 0.8571848324677371)"
-                               background-color: "rgba(0, 212, 255, 0.824)"
                              }}
                            >
                            <div
                              className="h-8 flex-1 rounded-sm"
                              style={{
+                               backgroundColor: "rgba(0, 212, 255, 0.900217230223327)"
-                               background-color: "rgba(0, 212, 255, 0.824)"
                              }}
                            >
                            <div
                              className="h-8 flex-1 rounded-sm"
                              style={{
+                               backgroundColor: "rgba(0, 212, 255, 0.985992363783912)"
-                               background-color: "rgba(0, 212, 255, 0.99)"
                              }}
                            >
                            <div
                              className="h-8 flex-1 rounded-sm"
                              style={{
+                               backgroundColor: "rgba(0, 212, 255, 0.8604619535802379)"
-                               background-color: "rgba(0, 212, 255, 0.816)"
                              }}
                            >
                            <div
                              className="h-8 flex-1 rounded-sm"
                              style={{
+                               backgroundColor: "rgba(0, 212, 255, 0.16275354719998777)"
-                               background-color: "rgba(0, 212, 255, 0.165)"
                              }}
                            >
                            <div
                              className="h-8 flex-1 rounded-sm"
                              style={{
+                               backgroundColor: "rgba(0, 212, 255, 0.07600032621988444)"
-                               background-color: "rgba(0, 212, 255, 0.106)"
                              }}
                            >
                            <div
                              className="h-8 flex-1 rounded-sm"
                              style={{
+                               backgroundColor: "rgba(0, 212, 255, 0.1594783188007894)"
-                               background-color: "rgba(0, 212, 255, 0.082)"
                              }}
                            >
                            <div
                              className="h-8 flex-1 rounded-sm"
                              style={{
+                               backgroundColor: "rgba(0, 212, 255, 0.14458134564712308)"
-                               background-color: "rgba(0, 212, 255, 0.15)"
                              }}
                            >
                            <div
                              className="h-8 flex-1 rounded-sm"
                              style={{
+                               backgroundColor: "rgba(0, 212, 255, 0.11249520972462415)"
-                               background-color: "rgba(0, 212, 255, 0.133)"
                              }}
                            >
                            <div
                              className="h-8 flex-1 rounded-sm"
                              style={{
+                               backgroundColor: "rgba(0, 212, 255, 0.0622300482666128)"
-                               background-color: "rgba(0, 212, 255, 0.153)"
                              }}
                            >
                            <div
                              className="h-8 flex-1 rounded-sm"
                              style={{
+                               backgroundColor: "rgba(0, 212, 255, 0.14585513830255278)"
-                               background-color: "rgba(0, 212, 255, 0.13)"
                              }}
                            >
                            <div
                              className="h-8 flex-1 rounded-sm"
                              style={{
+                               backgroundColor: "rgba(0, 212, 255, 0.07542547482335993)"
-                               background-color: "rgba(0, 212, 255, 0.145)"
                              }}
                            >
                            <div
                              className="h-8 flex-1 rounded-sm"
                              style={{
+                               backgroundColor: "rgba(0, 212, 255, 0.1487238906712257)"
-                               background-color: "rgba(0, 212, 255, 0.165)"
                              }}
                            >
                            <div
                              className="h-8 flex-1 rounded-sm"
                              style={{
+                               backgroundColor: "rgba(0, 212, 255, 0.0671338191819983)"
-                               background-color: "rgba(0, 212, 255, 0.067)"
                              }}
                            >
                            <div
                              className="h-8 flex-1 rounded-sm"
                              style={{
+                               backgroundColor: "rgba(0, 212, 255, 0.1486813505993459)"
-                               background-color: "rgba(0, 212, 255, 0.05)"
                              }}
                            >
                            <div
                              className="h-8 flex-1 rounded-sm"
                              style={{
+                               backgroundColor: "rgba(0, 212, 255, 0.07286442944241993)"
-                               background-color: "rgba(0, 212, 255, 0.196)"
                              }}
                            >
                            <div
                              className="h-8 flex-1 rounded-sm"
                              style={{
+                               backgroundColor: "rgba(0, 212, 255, 0.14366808650321924)"
-                               background-color: "rgba(0, 212, 255, 0.165)"
                              }}
                            >
                            <div
                              className="h-8 flex-1 rounded-sm"
                              style={{
+                               backgroundColor: "rgba(0, 212, 255, 0.15608481861405535)"
-                               background-color: "rgba(0, 212, 255, 0.18)"
                              }}
                            >
                            <div
                              className="h-8 flex-1 rounded-sm"
                              style={{
+                               backgroundColor: "rgba(0, 212, 255, 0.08732497841479156)"
-                               background-color: "rgba(0, 212, 255, 0.15)"
                              }}
                            >
                            <div
                              className="h-8 flex-1 rounded-sm"
                              style={{
+                               backgroundColor: "rgba(0, 212, 255, 0.12896323291282896)"
-                               background-color: "rgba(0, 212, 255, 0.075)"
                              }}
                            >
                            <div
                              className="h-8 flex-1 rounded-sm"
                              style={{
+                               backgroundColor: "rgba(0, 212, 255, 0.13371734411219202)"
-                               background-color: "rgba(0, 212, 255, 0.05)"
                              }}
                            >
                            <div
                              className="h-8 flex-1 rounded-sm"
                              style={{
+                               backgroundColor: "rgba(0, 212, 255, 0.18911126665451283)"
-                               background-color: "rgba(0, 212, 255, 0.075)"
                              }}
                            >
                            <div
                              className="h-8 flex-1 rounded-sm"
                              style={{
+                               backgroundColor: "rgba(0, 212, 255, 0.14940003376796843)"
-                               background-color: "rgba(0, 212, 255, 0.118)"
                              }}
                            >
                            <div
                              className="h-8 flex-1 rounded-sm"
                              style={{
+                               backgroundColor: "rgba(0, 212, 255, 0.12519957008295704)"
-                               background-color: "rgba(0, 212, 255, 0.15)"
                              }}
                            >
                            <div
                              className="h-8 flex-1 rounded-sm"
                              style={{
+                               backgroundColor: "rgba(0, 212, 255, 0.18842132877142526)"
-                               background-color: "rgba(0, 212, 255, 0.114)"
                              }}
                            >
                            <div
                              className="h-8 flex-1 rounded-sm"
                              style={{
+                               backgroundColor: "rgba(0, 212, 255, 0.15260879570530883)"
-                               background-color: "rgba(0, 212, 255, 0.118)"
                              }}
                            >
                            <div
                              className="h-8 flex-1 rounded-sm"
                              style={{
+                               backgroundColor: "rgba(0, 212, 255, 0.10765041941215252)"
-                               background-color: "rgba(0, 212, 255, 0.16)"
                              }}
                            >
                          ...
                        ...
                    ...
            ...
          ...
      ...
 
[browser] A tree hydrated but some attributes of the server rendered HTML didn't match the client properties. This won't be patched up. This can happen if a SSR-ed Client Component used:

- A server/client branch `if (typeof window !== 'undefined')`.
- Variable input such as `Date.now()` or `Math.random()` which changes each time it's called.
- Date formatting in a user's locale which doesn't match the server.
- External changing data without sending a snapshot of it along with the HTML.
- Invalid HTML tag nesting.

It can also happen if the client has a browser extension installed which messes with the HTML before React loaded.

https://react.dev/link/hydration-mismatch

  ...
    <InnerLayoutRouter url="/" tree={[...]} params={{}} cacheNode={{rsc:{...}, ...}} segmentPath={[...]} ...>
      <SegmentViewNode type="page" pagePath="page.tsx">
        <SegmentTrieNode>
        <Home>
          <Navbar>
          <main className="flex flex-col">
            <Hero>
            <DetectionPipeline>
            <DashboardPreview>
            <ExplainableAI>
              <section id="explainabi..." className="relative p...">
                <div className="mx-auto ma...">
                  <div>
                  <div className="grid gap-8...">
                    <motion.div initial={{opacity:0,x:-30}} whileInView={{opacity:1,x:0}} viewport={{once:true, ...}} ...>
                      <div className="card-eleva..." style={{opacity:0, ...}} ref={function useMotionRef.useCallback}>
                        <div>
                        <div className="mb-6 space...">
                          <div>
                          <div className="flex gap-0.5">
                            <div
                              className="h-8 flex-1 rounded-sm"
                              style={{
+                               backgroundColor: "rgba(0, 212, 255, 0.1748949378326748)"
-                               background-color: "rgba(0, 212, 255, 0.196)"
                              }}
                            >
                            <div
                              className="h-8 flex-1 rounded-sm"
                              style={{
+                               backgroundColor: "rgba(0, 212, 255, 0.13961186259047156)"
-                               background-color: "rgba(0, 212, 255, 0.196)"
                              }}
                            >
                            <div
                              className="h-8 flex-1 rounded-sm"
                              style={{
+                               backgroundColor: "rgba(0, 212, 255, 0.18106931209054455)"
-                               background-color: "rgba(0, 212, 255, 0.196)"
                              }}
                            >
                            <div
                              className="h-8 flex-1 rounded-sm"
                              style={{
+                               backgroundColor: "rgba(0, 212, 255, 0.1530974962140215)"
-                               background-color: "rgba(0, 212, 255, 0.09)"
                              }}
                            >
                            <div
                              className="h-8 flex-1 rounded-sm"
                              style={{
+                               backgroundColor: "rgba(0, 212, 255, 0.08582144343988446)"
-                               background-color: "rgba(0, 212, 255, 0.14)"
                              }}
                            >
                            <div
                              className="h-8 flex-1 rounded-sm"
                              style={{
+                               backgroundColor: "rgba(0, 212, 255, 0.15177647539947456)"
-                               background-color: "rgba(0, 212, 255, 0.09)"
                              }}
                            >
                            <div
                              className="h-8 flex-1 rounded-sm"
                              style={{
+                               backgroundColor: "rgba(0, 212, 255, 0.16238244825881398)"
-                               background-color: "rgba(0, 212, 255, 0.1)"
                              }}
                            >
                            <div
                              className="h-8 flex-1 rounded-sm"
                              style={{
+                               backgroundColor: "rgba(0, 212, 255, 0.054634521818688525)"
-                               background-color: "rgba(0, 212, 255, 0.07)"
                              }}
                            >
                            <div
                              className="h-8 flex-1 rounded-sm"
                              style={{
+                               backgroundColor: "rgba(0, 212, 255, 0.09677422454327175)"
-                               background-color: "rgba(0, 212, 255, 0.114)"
                              }}
                            >
                            <div
                              className="h-8 flex-1 rounded-sm"
                              style={{
+                               backgroundColor: "rgba(0, 212, 255, 0.05511516678622882)"
-                               background-color: "rgba(0, 212, 255, 0.098)"
                              }}
                            >
                            <div
                              className="h-8 flex-1 rounded-sm"
                              style={{
+                               backgroundColor: "rgba(0, 212, 255, 0.1134350850188785)"
-                               background-color: "rgba(0, 212, 255, 0.157)"
                              }}
                            >
                            <div
                              className="h-8 flex-1 rounded-sm"
                              style={{
+                               backgroundColor: "rgba(0, 212, 255, 0.09562156948790071)"
-                               background-color: "rgba(0, 212, 255, 0.11)"
                              }}
                            >
                            <div
                              className="h-8 flex-1 rounded-sm"
                              style={{
+                               backgroundColor: "rgba(0, 212, 255, 0.1892788921902716)"
-                               background-color: "rgba(0, 212, 255, 0.157)"
                              }}
                            >
                            <div
                              className="h-8 flex-1 rounded-sm"
                              style={{
+                               backgroundColor: "rgba(0, 212, 255, 0.14792600016033758)"
-                               background-color: "rgba(0, 212, 255, 0.16)"
                              }}
                            >
                            <div
                              className="h-8 flex-1 rounded-sm"
                              style={{
+                               backgroundColor: "rgba(0, 212, 255, 0.19267018002882064)"
-                               background-color: "rgba(0, 212, 255, 0.137)"
                              }}
                            >
                            <div
                              className="h-8 flex-1 rounded-sm"
                              style={{
+                               backgroundColor: "rgba(0, 212, 255, 0.07362788336698715)"
-                               background-color: "rgba(0, 212, 255, 0.12)"
                              }}
                            >
                            <div
                              className="h-8 flex-1 rounded-sm"
                              style={{
+                               backgroundColor: "rgba(0, 212, 255, 0.19231288145988773)"
-                               background-color: "rgba(0, 212, 255, 0.157)"
                              }}
                            >
                            <div
                              className="h-8 flex-1 rounded-sm"
                              style={{
+                               backgroundColor: "rgba(0, 212, 255, 0.16783115545763383)"
-                               background-color: "rgba(0, 212, 255, 0.157)"
                              }}
                            >
                            <div
                              className="h-8 flex-1 rounded-sm"
                              style={{
+                               backgroundColor: "rgba(0, 212, 255, 0.051163078267982276)"
-                               background-color: "rgba(0, 212, 255, 0.157)"
                              }}
                            >
                            <div
                              className="h-8 flex-1 rounded-sm"
                              style={{
+                               backgroundColor: "rgba(0, 212, 255, 0.13106736545840564)"
-                               background-color: "rgba(0, 212, 255, 0.15)"
                              }}
                            >
                            <div
                              className="h-8 flex-1 rounded-sm"
                              style={{
+                               backgroundColor: "rgba(0, 212, 255, 0.9167558013396573)"
-                               background-color: "rgba(0, 212, 255, 0.992)"
                              }}
                            >
                            <div
                              className="h-8 flex-1 rounded-sm"
                              style={{
+                               backgroundColor: "rgba(0, 212, 255, 0.8365127088220652)"
-                               background-color: "rgba(0, 212, 255, 0.804)"
                              }}
                            >
                            <div
                              className="h-8 flex-1 rounded-sm"
                              style={{
+                               backgroundColor: "rgba(0, 212, 255, 0.9717592205840646)"
-                               background-color: "rgba(0, 212, 255, 0.953)"
                              }}
                            >
                            <div
                              className="h-8 flex-1 rounded-sm"
                              style={{
+                               backgroundColor: "rgba(0, 212, 255, 0.9338688386848094)"
-                               background-color: "rgba(0, 212, 255, 0.855)"
                              }}
                            >
                            <div
                              className="h-8 flex-1 rounded-sm"
                              style={{
+                               backgroundColor: "rgba(0, 212, 255, 0.9340012350159939)"
-                               background-color: "rgba(0, 212, 255, 0.81)"
                              }}
                            >
                            <div
                              className="h-8 flex-1 rounded-sm"
                              style={{
+                               backgroundColor: "rgba(0, 212, 255, 0.8108408998701471)"
-                               background-color: "rgba(0, 212, 255, 0.816)"
                              }}
                            >
                            <div
                              className="h-8 flex-1 rounded-sm"
                              style={{
+                               backgroundColor: "rgba(0, 212, 255, 0.8418446242604644)"
-                               background-color: "rgba(0, 212, 255, 0.867)"
                              }}
                            >
                            <div
                              className="h-8 flex-1 rounded-sm"
                              style={{
+                               backgroundColor: "rgba(0, 212, 255, 0.1130996591394288)"
-                               background-color: "rgba(0, 212, 255, 0.14)"
                              }}
                            >
                            <div
                              className="h-8 flex-1 rounded-sm"
                              style={{
+                               backgroundColor: "rgba(0, 212, 255, 0.11905540651369198)"
-                               background-color: "rgba(0, 212, 255, 0.19)"
                              }}
                            >
                            <div
                              className="h-8 flex-1 rounded-sm"
                              style={{
+                               backgroundColor: "rgba(0, 212, 255, 0.08643295694358713)"
-                               background-color: "rgba(0, 212, 255, 0.082)"
                              }}
                            >
                            <div
                              className="h-8 flex-1 rounded-sm"
                              style={{
+                               backgroundColor: "rgba(0, 212, 255, 0.05158252118921852)"
-                               background-color: "rgba(0, 212, 255, 0.086)"
                              }}
                            >
                            <div
                              className="h-8 flex-1 rounded-sm"
                              style={{
+                               backgroundColor: "rgba(0, 212, 255, 0.07216861660282696)"
-                               background-color: "rgba(0, 212, 255, 0.173)"
                              }}
                            >
                            <div
                              className="h-8 flex-1 rounded-sm"
                              style={{
+                               backgroundColor: "rgba(0, 212, 255, 0.0707891149750019)"
-                               background-color: "rgba(0, 212, 255, 0.184)"
                              }}
                            >
                            <div
                              className="h-8 flex-1 rounded-sm"
                              style={{
+                               backgroundColor: "rgba(0, 212, 255, 0.17361107163413697)"
-                               background-color: "rgba(0, 212, 255, 0.145)"
                              }}
                            >
                            <div
                              className="h-8 flex-1 rounded-sm"
                              style={{
+                               backgroundColor: "rgba(0, 212, 255, 0.08886761271165422)"
-                               background-color: "rgba(0, 212, 255, 0.192)"
                              }}
                            >
                            <div
                              className="h-8 flex-1 rounded-sm"
                              style={{
+                               backgroundColor: "rgba(0, 212, 255, 0.092560486955618)"
-                               background-color: "rgba(0, 212, 255, 0.07)"
                              }}
                            >
                            <div
                              className="h-8 flex-1 rounded-sm"
                              style={{
+                               backgroundColor: "rgba(0, 212, 255, 0.062033774796357355)"
-                               background-color: "rgba(0, 212, 255, 0.063)"
                              }}
                            >
                            <div
                              className="h-8 flex-1 rounded-sm"
                              style={{
+                               backgroundColor: "rgba(0, 212, 255, 0.15933671937264787)"
-                               background-color: "rgba(0, 212, 255, 0.13)"
                              }}
                            >
                            <div
                              className="h-8 flex-1 rounded-sm"
                              style={{
+                               backgroundColor: "rgba(0, 212, 255, 0.07599057541389545)"
-                               background-color: "rgba(0, 212, 255, 0.153)"
                              }}
                            >
                            <div
                              className="h-8 flex-1 rounded-sm"
                              style={{
+                               backgroundColor: "rgba(0, 212, 255, 0.12761722297757921)"
-                               background-color: "rgba(0, 212, 255, 0.063)"
                              }}
                            >
                            <div
                              className="h-8 flex-1 rounded-sm"
                              style={{
+                               backgroundColor: "rgba(0, 212, 255, 0.1891212189328233)"
-                               background-color: "rgba(0, 212, 255, 0.133)"
                              }}
                            >
                            <div
                              className="h-8 flex-1 rounded-sm"
                              style={{
+                               backgroundColor: "rgba(0, 212, 255, 0.15352285506699084)"
-                               background-color: "rgba(0, 212, 255, 0.176)"
                              }}
                            >
                            <div
                              className="h-8 flex-1 rounded-sm"
                              style={{
+                               backgroundColor: "rgba(0, 212, 255, 0.09509865338903742)"
-                               background-color: "rgba(0, 212, 255, 0.15)"
                              }}
                            >
                            <div
                              className="h-8 flex-1 rounded-sm"
                              style={{
+                               backgroundColor: "rgba(0, 212, 255, 0.11169065747787779)"
-                               background-color: "rgba(0, 212, 255, 0.067)"
                              }}
                            >
                            <div
                              className="h-8 flex-1 rounded-sm"
                              style={{
+                               backgroundColor: "rgba(0, 212, 255, 0.14201616708418593)"
-                               background-color: "rgba(0, 212, 255, 0.082)"
                              }}
                            >
                            <div
                              className="h-8 flex-1 rounded-sm"
                              style={{
+                               backgroundColor: "rgba(0, 212, 255, 0.17617926166704195)"
-                               background-color: "rgba(0, 212, 255, 0.114)"
                              }}
                            >
                            <div
                              className="h-8 flex-1 rounded-sm"
                              style={{
+                               backgroundColor: "rgba(0, 212, 255, 0.08934000075724086)"
-                               background-color: "rgba(0, 212, 255, 0.075)"
                              }}
                            >
                            <div
                              className="h-8 flex-1 rounded-sm"
                              style={{
+                               backgroundColor: "rgba(0, 212, 255, 0.07709047393569456)"
-                               background-color: "rgba(0, 212, 255, 0.145)"
                              }}
                            >
                            <div
                              className="h-8 flex-1 rounded-sm"
                              style={{
+                               backgroundColor: "rgba(0, 212, 255, 0.06533333198604094)"
-                               background-color: "rgba(0, 212, 255, 0.06)"
                              }}
                            >
                            <div
                              className="h-8 flex-1 rounded-sm"
                              style={{
+                               backgroundColor: "rgba(0, 212, 255, 0.05931172267254359)"
-                               background-color: "rgba(0, 212, 255, 0.145)"
                              }}
                            >
                          ...
                        ...
                    ...
            ...
          ...
      ...
 
[browser] A tree hydrated but some attributes of the server rendered HTML didn't match the client properties. This won't be patched up. This can happen if a SSR-ed Client Component used:

- A server/client branch `if (typeof window !== 'undefined')`.
- Variable input such as `Date.now()` or `Math.random()` which changes each time it's called.
- Date formatting in a user's locale which doesn't match the server.
- External changing data without sending a snapshot of it along with the HTML.
- Invalid HTML tag nesting.

It can also happen if the client has a browser extension installed which messes with the HTML before React loaded.

https://react.dev/link/hydration-mismatch

  ...
    <InnerLayoutRouter url="/#candidates" tree={[...]} params={{}} cacheNode={{rsc:{...}, ...}} segmentPath={[...]} ...>
      <SegmentViewNode type="page" pagePath="page.tsx">
        <SegmentTrieNode>
        <Home>
          <Navbar>
          <main className="flex flex-col">
            <Hero>
            <DetectionPipeline>
            <DashboardPreview>
            <ExplainableAI>
              <section id="explainabi..." className="relative p...">
                <div className="mx-auto ma...">
                  <div>
                  <div className="grid gap-8...">
                    <motion.div initial={{opacity:0,x:-30}} whileInView={{opacity:1,x:0}} viewport={{once:true, ...}} ...>
                      <div className="card-eleva..." style={{opacity:0, ...}} ref={function useMotionRef.useCallback}>
                        <div>
                        <div className="mb-6 space...">
                          <div>
                          <div className="flex gap-0.5">
                            <div
                              className="h-8 flex-1 rounded-sm"
                              style={{
+                               backgroundColor: "rgba(0, 212, 255, 0.12681959626542183)"
-                               background-color: "rgba(0, 212, 255, 0.14)"
                              }}
                            >
                            <div
                              className="h-8 flex-1 rounded-sm"
                              style={{
+                               backgroundColor: "rgba(0, 212, 255, 0.1410564348035123)"
-                               background-color: "rgba(0, 212, 255, 0.067)"
                              }}
                            >
                            <div
                              className="h-8 flex-1 rounded-sm"
                              style={{
+                               backgroundColor: "rgba(0, 212, 255, 0.1691816405910142)"
-                               background-color: "rgba(0, 212, 255, 0.07)"
                              }}
                            >
                            <div
                              className="h-8 flex-1 rounded-sm"
                              style={{
+                               backgroundColor: "rgba(0, 212, 255, 0.10525696705196318)"
-                               background-color: "rgba(0, 212, 255, 0.133)"
                              }}
                            >
                            <div
                              className="h-8 flex-1 rounded-sm"
                              style={{
+                               backgroundColor: "rgba(0, 212, 255, 0.19944262305771593)"
-                               background-color: "rgba(0, 212, 255, 0.145)"
                              }}
                            >
                            <div
                              className="h-8 flex-1 rounded-sm"
                              style={{
+                               backgroundColor: "rgba(0, 212, 255, 0.19251684716145834)"
-                               background-color: "rgba(0, 212, 255, 0.14)"
                              }}
                            >
                            <div
                              className="h-8 flex-1 rounded-sm"
                              style={{
+                               backgroundColor: "rgba(0, 212, 255, 0.1606248802901544)"
-                               background-color: "rgba(0, 212, 255, 0.173)"
                              }}
                            >
                            <div
                              className="h-8 flex-1 rounded-sm"
                              style={{
+                               backgroundColor: "rgba(0, 212, 255, 0.1346832233059058)"
-                               background-color: "rgba(0, 212, 255, 0.075)"
                              }}
                            >
                            <div
                              className="h-8 flex-1 rounded-sm"
                              style={{
+                               backgroundColor: "rgba(0, 212, 255, 0.05017011393819193)"
-                               background-color: "rgba(0, 212, 255, 0.184)"
                              }}
                            >
                            <div
                              className="h-8 flex-1 rounded-sm"
                              style={{
+                               backgroundColor: "rgba(0, 212, 255, 0.10108151307219496)"
-                               background-color: "rgba(0, 212, 255, 0.063)"
                              }}
                            >
                            <div
                              className="h-8 flex-1 rounded-sm"
                              style={{
+                               backgroundColor: "rgba(0, 212, 255, 0.17239428637890197)"
-                               background-color: "rgba(0, 212, 255, 0.086)"
                              }}
                            >
                            <div
                              className="h-8 flex-1 rounded-sm"
                              style={{
+                               backgroundColor: "rgba(0, 212, 255, 0.08093275548411795)"
-                               background-color: "rgba(0, 212, 255, 0.067)"
                              }}
                            >
                            <div
                              className="h-8 flex-1 rounded-sm"
                              style={{
+                               backgroundColor: "rgba(0, 212, 255, 0.1795041410688899)"
-                               background-color: "rgba(0, 212, 255, 0.137)"
                              }}
                            >
                            <div
                              className="h-8 flex-1 rounded-sm"
                              style={{
+                               backgroundColor: "rgba(0, 212, 255, 0.13966029754366766)"
-                               background-color: "rgba(0, 212, 255, 0.19)"
                              }}
                            >
                            <div
                              className="h-8 flex-1 rounded-sm"
                              style={{
+                               backgroundColor: "rgba(0, 212, 255, 0.07934549464408829)"
-                               background-color: "rgba(0, 212, 255, 0.106)"
                              }}
                            >
                            <div
                              className="h-8 flex-1 rounded-sm"
                              style={{
+                               backgroundColor: "rgba(0, 212, 255, 0.17777187186393256)"
-                               background-color: "rgba(0, 212, 255, 0.06)"
                              }}
                            >
                            <div
                              className="h-8 flex-1 rounded-sm"
                              style={{
+                               backgroundColor: "rgba(0, 212, 255, 0.14970880993950203)"
-                               background-color: "rgba(0, 212, 255, 0.075)"
                              }}
                            >
                            <div
                              className="h-8 flex-1 rounded-sm"
                              style={{
+                               backgroundColor: "rgba(0, 212, 255, 0.16841077728271853)"
-                               background-color: "rgba(0, 212, 255, 0.106)"
                              }}
                            >
                            <div
                              className="h-8 flex-1 rounded-sm"
                              style={{
+                               backgroundColor: "rgba(0, 212, 255, 0.19419504821058653)"
-                               background-color: "rgba(0, 212, 255, 0.19)"
                              }}
                            >
                            <div
                              className="h-8 flex-1 rounded-sm"
                              style={{
+                               backgroundColor: "rgba(0, 212, 255, 0.1696841254520567)"
-                               background-color: "rgba(0, 212, 255, 0.157)"
                              }}
                            >
                            <div
                              className="h-8 flex-1 rounded-sm"
                              style={{
+                               backgroundColor: "rgba(0, 212, 255, 0.9540169859525452)"
-                               background-color: "rgba(0, 212, 255, 0.92)"
                              }}
                            >
                            <div
                              className="h-8 flex-1 rounded-sm"
                              style={{
+                               backgroundColor: "rgba(0, 212, 255, 0.9274621823546413)"
-                               background-color: "rgba(0, 212, 255, 0.89)"
                              }}
                            >
                            <div
                              className="h-8 flex-1 rounded-sm"
                              style={{
+                               backgroundColor: "rgba(0, 212, 255, 0.8658422930995865)"
-                               background-color: "rgba(0, 212, 255, 0.81)"
                              }}
                            >
                            <div
                              className="h-8 flex-1 rounded-sm"
                              style={{
+                               backgroundColor: "rgba(0, 212, 255, 0.8186721562261837)"
-                               background-color: "rgba(0, 212, 255, 0.808)"
                              }}
                            >
                            <div
                              className="h-8 flex-1 rounded-sm"
                              style={{
+                               backgroundColor: "rgba(0, 212, 255, 0.9394158952436304)"
-                               background-color: "rgba(0, 212, 255, 0.95)"
                              }}
                            >
                            <div
                              className="h-8 flex-1 rounded-sm"
                              style={{
+                               backgroundColor: "rgba(0, 212, 255, 0.9217448555380563)"
-                               background-color: "rgb(0, 212, 255)"
                              }}
                            >
                            <div
                              className="h-8 flex-1 rounded-sm"
                              style={{
+                               backgroundColor: "rgba(0, 212, 255, 0.8507162397743999)"
-                               background-color: "rgba(0, 212, 255, 0.973)"
                              }}
                            >
                            <div
                              className="h-8 flex-1 rounded-sm"
                              style={{
+                               backgroundColor: "rgba(0, 212, 255, 0.16864909079147344)"
-                               background-color: "rgba(0, 212, 255, 0.05)"
                              }}
                            >
                            <div
                              className="h-8 flex-1 rounded-sm"
                              style={{
+                               backgroundColor: "rgba(0, 212, 255, 0.1716196400919226)"
-                               background-color: "rgba(0, 212, 255, 0.055)"
                              }}
                            >
                            <div
                              className="h-8 flex-1 rounded-sm"
                              style={{
+                               backgroundColor: "rgba(0, 212, 255, 0.06017344215168683)"
-                               background-color: "rgba(0, 212, 255, 0.17)"
                              }}
                            >
                            <div
                              className="h-8 flex-1 rounded-sm"
                              style={{
+                               backgroundColor: "rgba(0, 212, 255, 0.19935262799450731)"
-                               background-color: "rgba(0, 212, 255, 0.2)"
                              }}
                            >
                            <div
                              className="h-8 flex-1 rounded-sm"
                              style={{
+                               backgroundColor: "rgba(0, 212, 255, 0.16989972731797695)"
-                               background-color: "rgba(0, 212, 255, 0.165)"
                              }}
                            >
                            <div
                              className="h-8 flex-1 rounded-sm"
                              style={{
+                               backgroundColor: "rgba(0, 212, 255, 0.10310051445682808)"
-                               background-color: "rgba(0, 212, 255, 0.086)"
                              }}
                            >
                            <div
                              className="h-8 flex-1 rounded-sm"
                              style={{
+                               backgroundColor: "rgba(0, 212, 255, 0.09466680005653427)"
-                               background-color: "rgba(0, 212, 255, 0.133)"
                              }}
                            >
                            <div
                              className="h-8 flex-1 rounded-sm"
                              style={{
+                               backgroundColor: "rgba(0, 212, 255, 0.18271195715278948)"
-                               background-color: "rgba(0, 212, 255, 0.13)"
                              }}
                            >
                            <div
                              className="h-8 flex-1 rounded-sm"
                              style={{
+                               backgroundColor: "rgba(0, 212, 255, 0.06644004293121221)"
-                               background-color: "rgba(0, 212, 255, 0.07)"
                              }}
                            >
                            <div
                              className="h-8 flex-1 rounded-sm"
                              style={{
+                               backgroundColor: "rgba(0, 212, 255, 0.1482565387420468)"
-                               background-color: "rgba(0, 212, 255, 0.075)"
                              }}
                            >
                            <div
                              className="h-8 flex-1 rounded-sm"
                              style={{
+                               backgroundColor: "rgba(0, 212, 255, 0.08168640709518836)"
-                               background-color: "rgba(0, 212, 255, 0.12)"
                              }}
                            >
                            <div
                              className="h-8 flex-1 rounded-sm"
                              style={{
+                               backgroundColor: "rgba(0, 212, 255, 0.0832966196646528)"
-                               background-color: "rgba(0, 212, 255, 0.11)"
                              }}
                            >
                            <div
                              className="h-8 flex-1 rounded-sm"
                              style={{
+                               backgroundColor: "rgba(0, 212, 255, 0.059810372753887196)"
-                               background-color: "rgba(0, 212, 255, 0.1)"
                              }}
                            >
                            <div
                              className="h-8 flex-1 rounded-sm"
                              style={{
+                               backgroundColor: "rgba(0, 212, 255, 0.16797000549319807)"
-                               background-color: "rgba(0, 212, 255, 0.18)"
                              }}
                            >
                            <div
                              className="h-8 flex-1 rounded-sm"
                              style={{
+                               backgroundColor: "rgba(0, 212, 255, 0.12956306680738439)"
-                               background-color: "rgba(0, 212, 255, 0.137)"
                              }}
                            >
                            <div
                              className="h-8 flex-1 rounded-sm"
                              style={{
+                               backgroundColor: "rgba(0, 212, 255, 0.1422156041418765)"
-                               background-color: "rgba(0, 212, 255, 0.173)"
                              }}
                            >
                            <div
                              className="h-8 flex-1 rounded-sm"
                              style={{
+                               backgroundColor: "rgba(0, 212, 255, 0.07377130208009718)"
-                               background-color: "rgba(0, 212, 255, 0.067)"
                              }}
                            >
                            <div
                              className="h-8 flex-1 rounded-sm"
                              style={{
+                               backgroundColor: "rgba(0, 212, 255, 0.1791720799665129)"
-                               background-color: "rgba(0, 212, 255, 0.165)"
                              }}
                            >
                            <div
                              className="h-8 flex-1 rounded-sm"
                              style={{
+                               backgroundColor: "rgba(0, 212, 255, 0.18248539733414576)"
-                               background-color: "rgba(0, 212, 255, 0.165)"
                              }}
                            >
                            <div
                              className="h-8 flex-1 rounded-sm"
                              style={{
+                               backgroundColor: "rgba(0, 212, 255, 0.1716305155896367)"
-                               background-color: "rgba(0, 212, 255, 0.184)"
                              }}
                            >
                            <div
                              className="h-8 flex-1 rounded-sm"
                              style={{
+                               backgroundColor: "rgba(0, 212, 255, 0.05036803267445917)"
-                               background-color: "rgba(0, 212, 255, 0.19)"
                              }}
                            >
                            <div
                              className="h-8 flex-1 rounded-sm"
                              style={{
+                               backgroundColor: "rgba(0, 212, 255, 0.1633508742864123)"
-                               background-color: "rgba(0, 212, 255, 0.165)"
                              }}
                            >
                            <div
                              className="h-8 flex-1 rounded-sm"
                              style={{
+                               backgroundColor: "rgba(0, 212, 255, 0.18112516107618076)"
-                               background-color: "rgba(0, 212, 255, 0.06)"
                              }}
                            >
                          ...
                        ...
                    ...
            ...
          ...
      ...
 
[browser] A tree hydrated but some attributes of the server rendered HTML didn't match the client properties. This won't be patched up. This can happen if a SSR-ed Client Component used:

- A server/client branch `if (typeof window !== 'undefined')`.
- Variable input such as `Date.now()` or `Math.random()` which changes each time it's called.
- Date formatting in a user's locale which doesn't match the server.
- External changing data without sending a snapshot of it along with the HTML.
- Invalid HTML tag nesting.

It can also happen if the client has a browser extension installed which messes with the HTML before React loaded.

https://react.dev/link/hydration-mismatch

  ...
    <InnerLayoutRouter url="/#candidates" tree={[...]} params={{}} cacheNode={{rsc:{...}, ...}} segmentPath={[...]} ...>
      <SegmentViewNode type="page" pagePath="page.tsx">
        <SegmentTrieNode>
        <Home>
          <Navbar>
          <main className="flex flex-col">
            <Hero>
            <DetectionPipeline>
            <DashboardPreview>
            <ExplainableAI>
              <section id="explainabi..." className="relative p...">
                <div className="mx-auto ma...">
                  <div>
                  <div className="grid gap-8...">
                    <motion.div initial={{opacity:0,x:-30}} whileInView={{opacity:1,x:0}} viewport={{once:true, ...}} ...>
                      <div className="card-eleva..." style={{opacity:0, ...}} ref={function useMotionRef.useCallback}>
                        <div>
                        <div className="mb-6 space...">
                          <div>
                          <div className="flex gap-0.5">
                            <div
                              className="h-8 flex-1 rounded-sm"
                              style={{
+                               backgroundColor: "rgba(0, 212, 255, 0.13681859068703503)"
-                               background-color: "rgba(0, 212, 255, 0.19)"
                              }}
                            >
                            <div
                              className="h-8 flex-1 rounded-sm"
                              style={{
+                               backgroundColor: "rgba(0, 212, 255, 0.11899425243069224)"
-                               background-color: "rgba(0, 212, 255, 0.1)"
                              }}
                            >
                            <div
                              className="h-8 flex-1 rounded-sm"
                              style={{
+                               backgroundColor: "rgba(0, 212, 255, 0.09607103089315902)"
-                               background-color: "rgba(0, 212, 255, 0.165)"
                              }}
                            >
                            <div
                              className="h-8 flex-1 rounded-sm"
                              style={{
+                               backgroundColor: "rgba(0, 212, 255, 0.06344703546346696)"
-                               background-color: "rgba(0, 212, 255, 0.12)"
                              }}
                            >
                            <div
                              className="h-8 flex-1 rounded-sm"
                              style={{
+                               backgroundColor: "rgba(0, 212, 255, 0.16163425072271914)"
-                               background-color: "rgba(0, 212, 255, 0.075)"
                              }}
                            >
                            <div
                              className="h-8 flex-1 rounded-sm"
                              style={{
+                               backgroundColor: "rgba(0, 212, 255, 0.11448007026944194)"
-                               background-color: "rgba(0, 212, 255, 0.07)"
                              }}
                            >
                            <div
                              className="h-8 flex-1 rounded-sm"
                              style={{
+                               backgroundColor: "rgba(0, 212, 255, 0.10205477876274868)"
-                               background-color: "rgba(0, 212, 255, 0.196)"
                              }}
                            >
                            <div
                              className="h-8 flex-1 rounded-sm"
                              style={{
+                               backgroundColor: "rgba(0, 212, 255, 0.1749784881066428)"
-                               background-color: "rgba(0, 212, 255, 0.07)"
                              }}
                            >
                            <div
                              className="h-8 flex-1 rounded-sm"
                              style={{
+                               backgroundColor: "rgba(0, 212, 255, 0.15736153759467605)"
-                               background-color: "rgba(0, 212, 255, 0.114)"
                              }}
                            >
                            <div
                              className="h-8 flex-1 rounded-sm"
                              style={{
+                               backgroundColor: "rgba(0, 212, 255, 0.16248113182203247)"
-                               background-color: "rgba(0, 212, 255, 0.063)"
                              }}
                            >
                            <div
                              className="h-8 flex-1 rounded-sm"
                              style={{
+                               backgroundColor: "rgba(0, 212, 255, 0.1519481996407916)"
-                               background-color: "rgba(0, 212, 255, 0.196)"
                              }}
                            >
                            <div
                              className="h-8 flex-1 rounded-sm"
                              style={{
+                               backgroundColor: "rgba(0, 212, 255, 0.16095648549864522)"
-                               background-color: "rgba(0, 212, 255, 0.14)"
                              }}
                            >
                            <div
                              className="h-8 flex-1 rounded-sm"
                              style={{
+                               backgroundColor: "rgba(0, 212, 255, 0.051795014857961785)"
-                               background-color: "rgba(0, 212, 255, 0.118)"
                              }}
                            >
                            <div
                              className="h-8 flex-1 rounded-sm"
                              style={{
+                               backgroundColor: "rgba(0, 212, 255, 0.18032370314614576)"
-                               background-color: "rgba(0, 212, 255, 0.09)"
                              }}
                            >
                            <div
                              className="h-8 flex-1 rounded-sm"
                              style={{
+                               backgroundColor: "rgba(0, 212, 255, 0.10452576936219751)"
-                               background-color: "rgba(0, 212, 255, 0.106)"
                              }}
                            >
                            <div
                              className="h-8 flex-1 rounded-sm"
                              style={{
+                               backgroundColor: "rgba(0, 212, 255, 0.12314006163979435)"
-                               background-color: "rgba(0, 212, 255, 0.165)"
                              }}
                            >
                            <div
                              className="h-8 flex-1 rounded-sm"
                              style={{
+                               backgroundColor: "rgba(0, 212, 255, 0.07309642027433491)"
-                               background-color: "rgba(0, 212, 255, 0.16)"
                              }}
                            >
                            <div
                              className="h-8 flex-1 rounded-sm"
                              style={{
+                               backgroundColor: "rgba(0, 212, 255, 0.05312093940118248)"
-                               background-color: "rgba(0, 212, 255, 0.094)"
                              }}
                            >
                            <div
                              className="h-8 flex-1 rounded-sm"
                              style={{
+                               backgroundColor: "rgba(0, 212, 255, 0.11583179932709696)"
-                               background-color: "rgba(0, 212, 255, 0.184)"
                              }}
                            >
                            <div
                              className="h-8 flex-1 rounded-sm"
                              style={{
+                               backgroundColor: "rgba(0, 212, 255, 0.19291340756190428)"
-                               background-color: "rgba(0, 212, 255, 0.125)"
                              }}
                            >
                            <div
                              className="h-8 flex-1 rounded-sm"
                              style={{
+                               backgroundColor: "rgba(0, 212, 255, 0.9101597206264201)"
-                               background-color: "rgba(0, 212, 255, 0.86)"
                              }}
                            >
                            <div
                              className="h-8 flex-1 rounded-sm"
                              style={{
+                               backgroundColor: "rgba(0, 212, 255, 0.9174193010794861)"
-                               background-color: "rgba(0, 212, 255, 0.992)"
                              }}
                            >
                            <div
                              className="h-8 flex-1 rounded-sm"
                              style={{
+                               backgroundColor: "rgba(0, 212, 255, 0.9178752785277493)"
-                               background-color: "rgba(0, 212, 255, 0.804)"
                              }}
                            >
                            <div
                              className="h-8 flex-1 rounded-sm"
                              style={{
+                               backgroundColor: "rgba(0, 212, 255, 0.8853067032465347)"
-                               background-color: "rgba(0, 212, 255, 0.804)"
                              }}
                            >
                            <div
                              className="h-8 flex-1 rounded-sm"
                              style={{
+                               backgroundColor: "rgba(0, 212, 255, 0.865617115677431)"
-                               background-color: "rgba(0, 212, 255, 0.808)"
                              }}
                            >
                            <div
                              className="h-8 flex-1 rounded-sm"
                              style={{
+                               backgroundColor: "rgba(0, 212, 255, 0.9495031537287155)"
-                               background-color: "rgba(0, 212, 255, 0.894)"
                              }}
                            >
                            <div
                              className="h-8 flex-1 rounded-sm"
                              style={{
+                               backgroundColor: "rgba(0, 212, 255, 0.9203919301550894)"
-                               background-color: "rgba(0, 212, 255, 0.88)"
                              }}
                            >
                            <div
                              className="h-8 flex-1 rounded-sm"
                              style={{
+                               backgroundColor: "rgba(0, 212, 255, 0.0669733005955792)"
-                               background-color: "rgba(0, 212, 255, 0.192)"
                              }}
                            >
                            <div
                              className="h-8 flex-1 rounded-sm"
                              style={{
+                               backgroundColor: "rgba(0, 212, 255, 0.058280974926738616)"
-                               background-color: "rgba(0, 212, 255, 0.14)"
                              }}
                            >
                            <div
                              className="h-8 flex-1 rounded-sm"
                              style={{
+                               backgroundColor: "rgba(0, 212, 255, 0.08023689166209304)"
-                               background-color: "rgba(0, 212, 255, 0.06)"
                              }}
                            >
                            <div
                              className="h-8 flex-1 rounded-sm"
                              style={{
+                               backgroundColor: "rgba(0, 212, 255, 0.17569206476900134)"
-                               background-color: "rgba(0, 212, 255, 0.055)"
                              }}
                            >
                            <div
                              className="h-8 flex-1 rounded-sm"
                              style={{
+                               backgroundColor: "rgba(0, 212, 255, 0.17723118731342608)"
-                               background-color: "rgba(0, 212, 255, 0.118)"
                              }}
                            >
                            <div
                              className="h-8 flex-1 rounded-sm"
                              style={{
+                               backgroundColor: "rgba(0, 212, 255, 0.09032797135572627)"
-                               background-color: "rgba(0, 212, 255, 0.153)"
                              }}
                            >
                            <div
                              className="h-8 flex-1 rounded-sm"
                              style={{
+                               backgroundColor: "rgba(0, 212, 255, 0.1526424076582973)"
-                               background-color: "rgba(0, 212, 255, 0.16)"
                              }}
                            >
                            <div
                              className="h-8 flex-1 rounded-sm"
                              style={{
+                               backgroundColor: "rgba(0, 212, 255, 0.16916204624982295)"
-                               background-color: "rgba(0, 212, 255, 0.1)"
                              }}
                            >
                            <div
                              className="h-8 flex-1 rounded-sm"
                              style={{
+                               backgroundColor: "rgba(0, 212, 255, 0.14874054702966708)"
-                               background-color: "rgba(0, 212, 255, 0.176)"
                              }}
                            >
                            <div
                              className="h-8 flex-1 rounded-sm"
                              style={{
+                               backgroundColor: "rgba(0, 212, 255, 0.12375331976023127)"
-                               background-color: "rgba(0, 212, 255, 0.114)"
                              }}
                            >
                            <div
                              className="h-8 flex-1 rounded-sm"
                              style={{
+                               backgroundColor: "rgba(0, 212, 255, 0.19228367957299802)"
-                               background-color: "rgba(0, 212, 255, 0.106)"
                              }}
                            >
                            <div
                              className="h-8 flex-1 rounded-sm"
                              style={{
+                               backgroundColor: "rgba(0, 212, 255, 0.1452018704783096)"
-                               background-color: "rgba(0, 212, 255, 0.082)"
                              }}
                            >
                            <div
                              className="h-8 flex-1 rounded-sm"
                              style={{
+                               backgroundColor: "rgba(0, 212, 255, 0.17942167934180386)"
-                               background-color: "rgba(0, 212, 255, 0.133)"
                              }}
                            >
                            <div
                              className="h-8 flex-1 rounded-sm"
                              style={{
+                               backgroundColor: "rgba(0, 212, 255, 0.15839473640592178)"
-                               background-color: "rgba(0, 212, 255, 0.165)"
                              }}
                            >
                            <div
                              className="h-8 flex-1 rounded-sm"
                              style={{
+                               backgroundColor: "rgba(0, 212, 255, 0.12864601629530215)"
-                               background-color: "rgba(0, 212, 255, 0.15)"
                              }}
                            >
                            <div
                              className="h-8 flex-1 rounded-sm"
                              style={{
+                               backgroundColor: "rgba(0, 212, 255, 0.17412188253572647)"
-                               background-color: "rgba(0, 212, 255, 0.192)"
                              }}
                            >
                            <div
                              className="h-8 flex-1 rounded-sm"
                              style={{
+                               backgroundColor: "rgba(0, 212, 255, 0.09869531254097455)"
-                               background-color: "rgba(0, 212, 255, 0.157)"
                              }}
                            >
                            <div
                              className="h-8 flex-1 rounded-sm"
                              style={{
+                               backgroundColor: "rgba(0, 212, 255, 0.09263260414056707)"
-                               background-color: "rgba(0, 212, 255, 0.125)"
                              }}
                            >
                            <div
                              className="h-8 flex-1 rounded-sm"
                              style={{
+                               backgroundColor: "rgba(0, 212, 255, 0.08176767609648626)"
-                               background-color: "rgba(0, 212, 255, 0.09)"
                              }}
                            >
                            <div
                              className="h-8 flex-1 rounded-sm"
                              style={{
+                               backgroundColor: "rgba(0, 212, 255, 0.051199318474703104)"
-                               background-color: "rgba(0, 212, 255, 0.098)"
                              }}
                            >
                            <div
                              className="h-8 flex-1 rounded-sm"
                              style={{
+                               backgroundColor: "rgba(0, 212, 255, 0.13993167240911156)"
-                               background-color: "rgba(0, 212, 255, 0.16)"
                              }}
                            >
                            <div
                              className="h-8 flex-1 rounded-sm"
                              style={{
+                               backgroundColor: "rgba(0, 212, 255, 0.17675049306213014)"
-                               background-color: "rgba(0, 212, 255, 0.106)"
                              }}
                            >
                            <div
                              className="h-8 flex-1 rounded-sm"
                              style={{
+                               backgroundColor: "rgba(0, 212, 255, 0.06507608990398257)"
-                               background-color: "rgba(0, 212, 255, 0.094)"
                              }}
                            >
                          ...
                        ...
                    ...
            ...
          ...
      ...
 
[browser] React does not recognize the `sizeOverride` prop on a DOM element. If you intentionally want it to appear in the DOM as a custom attribute, spell it as lowercase `sizeoverride` instead. If you accidentally passed it from a parent component, remove it from the DOM element. 
React does not recognize the `sizeOverride` prop on a DOM element. If you intentionally want it to appear in the DOM as a custom attribute, spell it as lowercase `sizeoverride` instead. If you accidentally passed it from a parent component, remove it from the DOM element.
[browser] A tree hydrated but some attributes of the server rendered HTML didn't match the client properties. This won't be patched up. This can happen if a SSR-ed Client Component used:

- A server/client branch `if (typeof window !== 'undefined')`.
- Variable input such as `Date.now()` or `Math.random()` which changes each time it's called.
- Date formatting in a user's locale which doesn't match the server.
- External changing data without sending a snapshot of it along with the HTML.
- Invalid HTML tag nesting.

It can also happen if the client has a browser extension installed which messes with the HTML before React loaded.

https://react.dev/link/hydration-mismatch

  ...
    <RedirectErrorBoundary router={{...}}>
      <InnerLayoutRouter url="/#candidates" tree={[...]} params={{}} cacheNode={{rsc:{...}, ...}} segmentPath={[...]} ...>
        <SegmentViewNode type="page" pagePath="page.tsx">
          <SegmentTrieNode>
          <Home>
            <Navbar>
            <main className="flex flex-col">
              <Hero>
              <DetectionPipeline>
              <DashboardPreview>
              <ExplainableAI>
                <section id="explainabi..." className="relative p...">
                  <div className="mx-auto ma...">
                    <div>
                    <div className="grid gap-4...">
                      <div className="lg:col-span-3">
                        <div className="rounded-lg..." style={{...}}>
                          <div>
                          <div className="mb-4">
                            <div>
                            <div className="flex gap-[...">
                              <div
                                className="h-6 flex-1 rounded-sm"
                                style={{
+                                 backgroundColor: "rgba(0, 212, 255, 0.09188453789434867)"
-                                 background-color: "rgba(0, 212, 255, 0.06)"
                                }}
                              >
                              <div
                                className="h-6 flex-1 rounded-sm"
                                style={{
+                                 backgroundColor: "rgba(0, 212, 255, 0.0643072414876581)"
-                                 background-color: "rgba(0, 212, 255, 0.047)"
                                }}
                              >
                              <div
                                className="h-6 flex-1 rounded-sm"
                                style={{
+                                 backgroundColor: "rgba(0, 212, 255, 0.06145635994754592)"
-                                 background-color: "rgba(0, 212, 255, 0.024)"
                                }}
                              >
                              <div
                                className="h-6 flex-1 rounded-sm"
                                style={{
+                                 backgroundColor: "rgba(0, 212, 255, 0.09746832054557328)"
-                                 background-color: "rgba(0, 212, 255, 0.035)"
                                }}
                              >
                              <div
                                className="h-6 flex-1 rounded-sm"
                                style={{
+                                 backgroundColor: "rgba(0, 212, 255, 0.028251443830299164)"
-                                 background-color: "rgba(0, 212, 255, 0.03)"
                                }}
                              >
                              <div
                                className="h-6 flex-1 rounded-sm"
                                style={{
+                                 backgroundColor: "rgba(0, 212, 255, 0.07918531589043554)"
-                                 background-color: "rgba(0, 212, 255, 0.06)"
                                }}
                              >
                              <div
                                className="h-6 flex-1 rounded-sm"
                                style={{
+                                 backgroundColor: "rgba(0, 212, 255, 0.061724195569935594)"
-                                 background-color: "rgba(0, 212, 255, 0.094)"
                                }}
                              >
                              <div
                                className="h-6 flex-1 rounded-sm"
                                style={{
+                                 backgroundColor: "rgba(0, 212, 255, 0.06693886980014262)"
-                                 background-color: "rgba(0, 212, 255, 0.098)"
                                }}
                              >
                              <div
                                className="h-6 flex-1 rounded-sm"
                                style={{
+                                 backgroundColor: "rgba(0, 212, 255, 0.028253729843614364)"
-                                 background-color: "rgba(0, 212, 255, 0.024)"
                                }}
                              >
                              <div
                                className="h-6 flex-1 rounded-sm"
                                style={{
+                                 backgroundColor: "rgba(0, 212, 255, 0.04000149949009654)"
-                                 background-color: "rgba(0, 212, 255, 0.082)"
                                }}
                              >
                              <div
                                className="h-6 flex-1 rounded-sm"
                                style={{
+                                 backgroundColor: "rgba(0, 212, 255, 0.04755515471278933)"
-                                 background-color: "rgba(0, 212, 255, 0.06)"
                                }}
                              >
                              <div
                                className="h-6 flex-1 rounded-sm"
                                style={{
+                                 backgroundColor: "rgba(0, 212, 255, 0.08876666838897368)"
-                                 background-color: "rgba(0, 212, 255, 0.09)"
                                }}
                              >
                              <div
                                className="h-6 flex-1 rounded-sm"
                                style={{
+                                 backgroundColor: "rgba(0, 212, 255, 0.08231966528293465)"
-                                 background-color: "rgba(0, 212, 255, 0.082)"
                                }}
                              >
                              <div
                                className="h-6 flex-1 rounded-sm"
                                style={{
+                                 backgroundColor: "rgba(0, 212, 255, 0.03923586194705973)"
-                                 background-color: "rgba(0, 212, 255, 0.063)"
                                }}
                              >
                              <div
                                className="h-6 flex-1 rounded-sm"
                                style={{
+                                 backgroundColor: "rgba(0, 212, 255, 0.09435722188957354)"
-                                 background-color: "rgba(0, 212, 255, 0.043)"
                                }}
                              >
                              <div
                                className="h-6 flex-1 rounded-sm"
                                style={{
+                                 backgroundColor: "rgba(0, 212, 255, 0.09841390481132006)"
-                                 background-color: "rgba(0, 212, 255, 0.098)"
                                }}
                              >
                              <div
                                className="h-6 flex-1 rounded-sm"
                                style={{
+                                 backgroundColor: "rgba(0, 212, 255, 0.03575274131175114)"
-                                 background-color: "rgba(0, 212, 255, 0.035)"
                                }}
                              >
                              <div
                                className="h-6 flex-1 rounded-sm"
                                style={{
+                                 backgroundColor: "rgba(0, 212, 255, 0.04654549039769941)"
-                                 background-color: "rgba(0, 212, 255, 0.027)"
                                }}
                              >
                              <div
                                className="h-6 flex-1 rounded-sm"
                                style={{
+                                 backgroundColor: "rgba(0, 212, 255, 0.08271955976962521)"
-                                 background-color: "rgba(0, 212, 255, 0.035)"
                                }}
                              >
                              <div
                                className="h-6 flex-1 rounded-sm"
                                style={{
+                                 backgroundColor: "rgba(0, 212, 255, 0.09927116601885688)"
-                                 background-color: "rgba(0, 212, 255, 0.09)"
                                }}
                              >
                              <div
                                className="h-6 flex-1 rounded-sm"
                                style={{
+                                 backgroundColor: "rgba(0, 212, 255, 0.8856920723086971)"
-                                 background-color: "rgba(0, 212, 255, 0.9)"
                                }}
                              >
                              <div
                                className="h-6 flex-1 rounded-sm"
                                style={{
+                                 backgroundColor: "rgba(0, 212, 255, 0.9438291358403071)"
-                                 background-color: "rgba(0, 212, 255, 0.918)"
                                }}
                              >
                              <div
                                className="h-6 flex-1 rounded-sm"
                                style={{
+                                 backgroundColor: "rgba(0, 212, 255, 0.8048088707862502)"
-                                 background-color: "rgba(0, 212, 255, 0.796)"
                                }}
                              >
                              <div
                                className="h-6 flex-1 rounded-sm"
                                style={{
+                                 backgroundColor: "rgba(0, 212, 255, 0.7747406512962423)"
-                                 background-color: "rgba(0, 212, 255, 0.78)"
                                }}
                              >
                              <div
                                className="h-6 flex-1 rounded-sm"
                                style={{
+                                 backgroundColor: "rgba(0, 212, 255, 0.839771917873015)"
-                                 background-color: "rgba(0, 212, 255, 0.925)"
                                }}
                              >
                              <div
                                className="h-6 flex-1 rounded-sm"
                                style={{
+                                 backgroundColor: "rgba(0, 212, 255, 0.7903850341944504)"
-                                 background-color: "rgba(0, 212, 255, 0.827)"
                                }}
                              >
                              <div
                                className="h-6 flex-1 rounded-sm"
                                style={{
+                                 backgroundColor: "rgba(0, 212, 255, 0.8793993511818978)"
-                                 background-color: "rgba(0, 212, 255, 0.886)"
                                }}
                              >
                              <div
                                className="h-6 flex-1 rounded-sm"
                                style={{
+                                 backgroundColor: "rgba(0, 212, 255, 0.0678622109850693)"
-                                 background-color: "rgba(0, 212, 255, 0.09)"
                                }}
                              >
                              <div
                                className="h-6 flex-1 rounded-sm"
                                style={{
+                                 backgroundColor: "rgba(0, 212, 255, 0.06793842819164599)"
-                                 background-color: "rgba(0, 212, 255, 0.043)"
                                }}
                              >
                              <div
                                className="h-6 flex-1 rounded-sm"
                                style={{
+                                 backgroundColor: "rgba(0, 212, 255, 0.03690286958358324)"
-                                 background-color: "rgba(0, 212, 255, 0.098)"
                                }}
                              >
                              <div
                                className="h-6 flex-1 rounded-sm"
                                style={{
+                                 backgroundColor: "rgba(0, 212, 255, 0.03163007503207614)"
-                                 background-color: "rgba(0, 212, 255, 0.047)"
                                }}
                              >
                              <div
                                className="h-6 flex-1 rounded-sm"
                                style={{
+                                 backgroundColor: "rgba(0, 212, 255, 0.025215456673756336)"
-                                 background-color: "rgba(0, 212, 255, 0.024)"
                                }}
                              >
                              <div
                                className="h-6 flex-1 rounded-sm"
                                style={{
+                                 backgroundColor: "rgba(0, 212, 255, 0.074107641604751)"
-                                 background-color: "rgba(0, 212, 255, 0.09)"
                                }}
                              >
                              <div
                                className="h-6 flex-1 rounded-sm"
                                style={{
+                                 backgroundColor: "rgba(0, 212, 255, 0.09043032043765761)"
-                                 background-color: "rgba(0, 212, 255, 0.03)"
                                }}
                              >
                              <div
                                className="h-6 flex-1 rounded-sm"
                                style={{
+                                 backgroundColor: "rgba(0, 212, 255, 0.06156476730165657)"
-                                 background-color: "rgba(0, 212, 255, 0.082)"
                                }}
                              >
                              <div
                                className="h-6 flex-1 rounded-sm"
                                style={{
+                                 backgroundColor: "rgba(0, 212, 255, 0.042282258067318126)"
-                                 background-color: "rgba(0, 212, 255, 0.086)"
                                }}
                              >
                              <div
                                className="h-6 flex-1 rounded-sm"
                                style={{
+                                 backgroundColor: "rgba(0, 212, 255, 0.060547454695277184)"
-                                 background-color: "rgba(0, 212, 255, 0.06)"
                                }}
                              >
                              <div
                                className="h-6 flex-1 rounded-sm"
                                style={{
+                                 backgroundColor: "rgba(0, 212, 255, 0.030292151375023037)"
-                                 background-color: "rgba(0, 212, 255, 0.027)"
                                }}
                              >
                              <div
                                className="h-6 flex-1 rounded-sm"
                                style={{
+                                 backgroundColor: "rgba(0, 212, 255, 0.0475709235765694)"
-                                 background-color: "rgba(0, 212, 255, 0.06)"
                                }}
                              >
                              <div
                                className="h-6 flex-1 rounded-sm"
                                style={{
+                                 backgroundColor: "rgba(0, 212, 255, 0.09939469283473705)"
-                                 background-color: "rgba(0, 212, 255, 0.067)"
                                }}
                              >
                              <div
                                className="h-6 flex-1 rounded-sm"
                                style={{
+                                 backgroundColor: "rgba(0, 212, 255, 0.081739093519897)"
-                                 background-color: "rgba(0, 212, 255, 0.055)"
                                }}
                              >
                              <div
                                className="h-6 flex-1 rounded-sm"
                                style={{
+                                 backgroundColor: "rgba(0, 212, 255, 0.04531560453088647)"
-                                 background-color: "rgba(0, 212, 255, 0.024)"
                                }}
                              >
                              <div
                                className="h-6 flex-1 rounded-sm"
                                style={{
+                                 backgroundColor: "rgba(0, 212, 255, 0.0778878713690038)"
-                                 background-color: "rgba(0, 212, 255, 0.082)"
                                }}
                              >
                              <div
                                className="h-6 flex-1 rounded-sm"
                                style={{
+                                 backgroundColor: "rgba(0, 212, 255, 0.08550345063137067)"
-                                 background-color: "rgba(0, 212, 255, 0.047)"
                                }}
                              >
                              <div
                                className="h-6 flex-1 rounded-sm"
                                style={{
+                                 backgroundColor: "rgba(0, 212, 255, 0.04844613034173044)"
-                                 background-color: "rgba(0, 212, 255, 0.063)"
                                }}
                              >
                              <div
                                className="h-6 flex-1 rounded-sm"
                                style={{
+                                 backgroundColor: "rgba(0, 212, 255, 0.032948063336401025)"
-                                 background-color: "rgba(0, 212, 255, 0.05)"
                                }}
                              >
                              <div
                                className="h-6 flex-1 rounded-sm"
                                style={{
+                                 backgroundColor: "rgba(0, 212, 255, 0.027945608805400195)"
-                                 background-color: "rgba(0, 212, 255, 0.05)"
                                }}
                              >
                              <div
                                className="h-6 flex-1 rounded-sm"
                                style={{
+                                 backgroundColor: "rgba(0, 212, 255, 0.04206063223885016)"
-                                 background-color: "rgba(0, 212, 255, 0.082)"
                                }}
                              >
                              <div
                                className="h-6 flex-1 rounded-sm"
                                style={{
+                                 backgroundColor: "rgba(0, 212, 255, 0.08179861813177369)"
-                                 background-color: "rgba(0, 212, 255, 0.06)"
                                }}
                              >
                              <div
                                className="h-6 flex-1 rounded-sm"
                                style={{
+                                 backgroundColor: "rgba(0, 212, 255, 0.06334141690291241)"
-                                 background-color: "rgba(0, 212, 255, 0.035)"
                                }}
                              >
                            ...
                          ...
                      ...
                    ...
              ...
            ...
        ...
      ...
 
[browser] React does not recognize the `sizeOverride` prop on a DOM element. If you intentionally want it to appear in the DOM as a custom attribute, spell it as lowercase `sizeoverride` instead. If you accidentally passed it from a parent component, remove it from the DOM element. 
[browser] React does not recognize the `sizeOverride` prop on a DOM element. If you intentionally want it to appear in the DOM as a custom attribute, spell it as lowercase `sizeoverride` instead. If you accidentally passed it from a parent component, remove it from the DOM element. 
[browser] A tree hydrated but some attributes of the server rendered HTML didn't match the client properties. This won't be patched up. This can happen if a SSR-ed Client Component used:

- A server/client branch `if (typeof window !== 'undefined')`.
- Variable input such as `Date.now()` or `Math.random()` which changes each time it's called.
- Date formatting in a user's locale which doesn't match the server.
- External changing data without sending a snapshot of it along with the HTML.
- Invalid HTML tag nesting.

It can also happen if the client has a browser extension installed which messes with the HTML before React loaded.

https://react.dev/link/hydration-mismatch

  ...
    <RedirectErrorBoundary router={{...}}>
      <InnerLayoutRouter url="/#candidates" tree={[...]} params={{}} cacheNode={{rsc:{...}, ...}} segmentPath={[...]} ...>
        <SegmentViewNode type="page" pagePath="page.tsx">
          <SegmentTrieNode>
          <Home>
            <Navbar>
            <main className="flex flex-col">
              <Hero>
              <LightCurveUpload>
              <DetectionPipeline>
              <DashboardPreview>
              <ExplainableAI>
                <section id="explainabi..." className="relative p...">
                  <div className="mx-auto ma...">
                    <div>
                    <div className="grid gap-4...">
                      <div className="lg:col-span-3">
                        <div className="rounded-lg..." style={{...}}>
                          <div>
                          <div className="mb-4">
                            <div>
                            <div className="flex gap-[...">
                              <div
                                className="h-6 flex-1 rounded-sm"
                                style={{
+                                 backgroundColor: "rgba(0, 212, 255, 0.04494577985778803)"
-                                 background-color: "rgba(0, 212, 255, 0.094)"
                                }}
                              >
                              <div
                                className="h-6 flex-1 rounded-sm"
                                style={{
+                                 backgroundColor: "rgba(0, 212, 255, 0.08886937102874207)"
-                                 background-color: "rgba(0, 212, 255, 0.043)"
                                }}
                              >
                              <div
                                className="h-6 flex-1 rounded-sm"
                                style={{
+                                 backgroundColor: "rgba(0, 212, 255, 0.05302047393109252)"
-                                 background-color: "rgba(0, 212, 255, 0.082)"
                                }}
                              >
                              <div
                                className="h-6 flex-1 rounded-sm"
                                style={{
+                                 backgroundColor: "rgba(0, 212, 255, 0.0711147638181545)"
-                                 background-color: "rgba(0, 212, 255, 0.055)"
                                }}
                              >
                              <div
                                className="h-6 flex-1 rounded-sm"
                                style={{
+                                 backgroundColor: "rgba(0, 212, 255, 0.09131245083632963)"
-                                 background-color: "rgba(0, 212, 255, 0.035)"
                                }}
                              >
                              <div
                                className="h-6 flex-1 rounded-sm"
                                style={{
+                                 backgroundColor: "rgba(0, 212, 255, 0.06594178553326768)"
-                                 background-color: "rgba(0, 212, 255, 0.06)"
                                }}
                              >
                              <div
                                className="h-6 flex-1 rounded-sm"
                                style={{
+                                 backgroundColor: "rgba(0, 212, 255, 0.06904536685146453)"
-                                 background-color: "rgba(0, 212, 255, 0.098)"
                                }}
                              >
                              <div
                                className="h-6 flex-1 rounded-sm"
                                style={{
+                                 backgroundColor: "rgba(0, 212, 255, 0.09285916198315644)"
-                                 background-color: "rgba(0, 212, 255, 0.075)"
                                }}
                              >
                              <div
                                className="h-6 flex-1 rounded-sm"
                                style={{
+                                 backgroundColor: "rgba(0, 212, 255, 0.08019107185084208)"
-                                 background-color: "rgba(0, 212, 255, 0.08)"
                                }}
                              >
                              <div
                                className="h-6 flex-1 rounded-sm"
                                style={{
+                                 backgroundColor: "rgba(0, 212, 255, 0.09637796313656803)"
-                                 background-color: "rgba(0, 212, 255, 0.024)"
                                }}
                              >
                              <div
                                className="h-6 flex-1 rounded-sm"
                                style={{
+                                 backgroundColor: "rgba(0, 212, 255, 0.08312175674901408)"
-                                 background-color: "rgba(0, 212, 255, 0.07)"
                                }}
                              >
                              <div
                                className="h-6 flex-1 rounded-sm"
                                style={{
+                                 backgroundColor: "rgba(0, 212, 255, 0.08413957984205984)"
-                                 background-color: "rgba(0, 212, 255, 0.03)"
                                }}
                              >
                              <div
                                className="h-6 flex-1 rounded-sm"
                                style={{
+                                 backgroundColor: "rgba(0, 212, 255, 0.09472006365433738)"
-                                 background-color: "rgba(0, 212, 255, 0.098)"
                                }}
                              >
                              <div
                                className="h-6 flex-1 rounded-sm"
                                style={{
+                                 backgroundColor: "rgba(0, 212, 255, 0.07863413377675893)"
-                                 background-color: "rgba(0, 212, 255, 0.04)"
                                }}
                              >
                              <div
                                className="h-6 flex-1 rounded-sm"
                                style={{
+                                 backgroundColor: "rgba(0, 212, 255, 0.04526115404089945)"
-                                 background-color: "rgba(0, 212, 255, 0.043)"
                                }}
                              >
                              <div
                                className="h-6 flex-1 rounded-sm"
                                style={{
+                                 backgroundColor: "rgba(0, 212, 255, 0.022798423310570994)"
-                                 background-color: "rgba(0, 212, 255, 0.06)"
                                }}
                              >
                              <div
                                className="h-6 flex-1 rounded-sm"
                                style={{
+                                 backgroundColor: "rgba(0, 212, 255, 0.09174560224706141)"
-                                 background-color: "rgba(0, 212, 255, 0.035)"
                                }}
                              >
                              <div
                                className="h-6 flex-1 rounded-sm"
                                style={{
+                                 backgroundColor: "rgba(0, 212, 255, 0.08293781881915262)"
-                                 background-color: "rgba(0, 212, 255, 0.07)"
                                }}
                              >
                              <div
                                className="h-6 flex-1 rounded-sm"
                                style={{
+                                 backgroundColor: "rgba(0, 212, 255, 0.0829252684191778)"
-                                 background-color: "rgba(0, 212, 255, 0.067)"
                                }}
                              >
                              <div
                                className="h-6 flex-1 rounded-sm"
                                style={{
+                                 backgroundColor: "rgba(0, 212, 255, 0.0894983273038537)"
-                                 background-color: "rgba(0, 212, 255, 0.067)"
                                }}
                              >
                              <div
                                className="h-6 flex-1 rounded-sm"
                                style={{
+                                 backgroundColor: "rgba(0, 212, 255, 0.8916833628860117)"
-                                 background-color: "rgba(0, 212, 255, 0.757)"
                                }}
                              >
                              <div
                                className="h-6 flex-1 rounded-sm"
                                style={{
+                                 backgroundColor: "rgba(0, 212, 255, 0.8790630027512243)"
-                                 background-color: "rgba(0, 212, 255, 0.88)"
                                }}
                              >
                              <div
                                className="h-6 flex-1 rounded-sm"
                                style={{
+                                 backgroundColor: "rgba(0, 212, 255, 0.9037461814536285)"
-                                 background-color: "rgba(0, 212, 255, 0.918)"
                                }}
                              >
                              <div
                                className="h-6 flex-1 rounded-sm"
                                style={{
+                                 backgroundColor: "rgba(0, 212, 255, 0.8372496399981458)"
-                                 background-color: "rgba(0, 212, 255, 0.89)"
                                }}
                              >
                              <div
                                className="h-6 flex-1 rounded-sm"
                                style={{
+                                 backgroundColor: "rgba(0, 212, 255, 0.8359019495175247)"
-                                 background-color: "rgba(0, 212, 255, 0.78)"
                                }}
                              >
                              <div
                                className="h-6 flex-1 rounded-sm"
                                style={{
+                                 backgroundColor: "rgba(0, 212, 255, 0.9236915082873349)"
-                                 background-color: "rgba(0, 212, 255, 0.87)"
                                }}
                              >
                              <div
                                className="h-6 flex-1 rounded-sm"
                                style={{
+                                 backgroundColor: "rgba(0, 212, 255, 0.8093405747661498)"
-                                 background-color: "rgba(0, 212, 255, 0.824)"
                                }}
                              >
                              <div
                                className="h-6 flex-1 rounded-sm"
                                style={{
+                                 backgroundColor: "rgba(0, 212, 255, 0.0638599383099079)"
-                                 background-color: "rgba(0, 212, 255, 0.024)"
                                }}
                              >
                              <div
                                className="h-6 flex-1 rounded-sm"
                                style={{
+                                 backgroundColor: "rgba(0, 212, 255, 0.02695777897297196)"
-                                 background-color: "rgba(0, 212, 255, 0.027)"
                                }}
                              >
                              <div
                                className="h-6 flex-1 rounded-sm"
                                style={{
+                                 backgroundColor: "rgba(0, 212, 255, 0.05496394223680763)"
-                                 background-color: "rgba(0, 212, 255, 0.09)"
                                }}
                              >
                              <div
                                className="h-6 flex-1 rounded-sm"
                                style={{
+                                 backgroundColor: "rgba(0, 212, 255, 0.04773902232571729)"
-                                 background-color: "rgba(0, 212, 255, 0.08)"
                                }}
                              >
                              <div
                                className="h-6 flex-1 rounded-sm"
                                style={{
+                                 backgroundColor: "rgba(0, 212, 255, 0.09613149219822961)"
-                                 background-color: "rgba(0, 212, 255, 0.08)"
                                }}
                              >
                              <div
                                className="h-6 flex-1 rounded-sm"
                                style={{
+                                 backgroundColor: "rgba(0, 212, 255, 0.03283153973723786)"
-                                 background-color: "rgba(0, 212, 255, 0.086)"
                                }}
                              >
                              <div
                                className="h-6 flex-1 rounded-sm"
                                style={{
+                                 backgroundColor: "rgba(0, 212, 255, 0.0615969362144136)"
-                                 background-color: "rgba(0, 212, 255, 0.043)"
                                }}
                              >
                              <div
                                className="h-6 flex-1 rounded-sm"
                                style={{
+                                 backgroundColor: "rgba(0, 212, 255, 0.08566203491600606)"
-                                 background-color: "rgba(0, 212, 255, 0.063)"
                                }}
                              >
                              <div
                                className="h-6 flex-1 rounded-sm"
                                style={{
+                                 backgroundColor: "rgba(0, 212, 255, 0.030993425556223413)"
-                                 background-color: "rgba(0, 212, 255, 0.098)"
                                }}
                              >
                              <div
                                className="h-6 flex-1 rounded-sm"
                                style={{
+                                 backgroundColor: "rgba(0, 212, 255, 0.07203439309881175)"
-                                 background-color: "rgba(0, 212, 255, 0.043)"
                                }}
                              >
                              <div
                                className="h-6 flex-1 rounded-sm"
                                style={{
+                                 backgroundColor: "rgba(0, 212, 255, 0.07847247147955135)"
-                                 background-color: "rgba(0, 212, 255, 0.094)"
                                }}
                              >
                              <div
                                className="h-6 flex-1 rounded-sm"
                                style={{
+                                 backgroundColor: "rgba(0, 212, 255, 0.06270554978688592)"
-                                 background-color: "rgba(0, 212, 255, 0.03)"
                                }}
                              >
                              <div
                                className="h-6 flex-1 rounded-sm"
                                style={{
+                                 backgroundColor: "rgba(0, 212, 255, 0.07657637279537005)"
-                                 background-color: "rgba(0, 212, 255, 0.027)"
                                }}
                              >
                              <div
                                className="h-6 flex-1 rounded-sm"
                                style={{
+                                 backgroundColor: "rgba(0, 212, 255, 0.07545257377579248)"
-                                 background-color: "rgba(0, 212, 255, 0.04)"
                                }}
                              >
                              <div
                                className="h-6 flex-1 rounded-sm"
                                style={{
+                                 backgroundColor: "rgba(0, 212, 255, 0.07481507298026978)"
-                                 background-color: "rgba(0, 212, 255, 0.075)"
                                }}
                              >
                              <div
                                className="h-6 flex-1 rounded-sm"
                                style={{
+                                 backgroundColor: "rgba(0, 212, 255, 0.08491889660499881)"
-                                 background-color: "rgba(0, 212, 255, 0.08)"
                                }}
                              >
                              <div
                                className="h-6 flex-1 rounded-sm"
                                style={{
+                                 backgroundColor: "rgba(0, 212, 255, 0.029905026914751894)"
-                                 background-color: "rgba(0, 212, 255, 0.086)"
                                }}
                              >
                              <div
                                className="h-6 flex-1 rounded-sm"
                                style={{
+                                 backgroundColor: "rgba(0, 212, 255, 0.06922731791533213)"
-                                 background-color: "rgba(0, 212, 255, 0.04)"
                                }}
                              >
                              <div
                                className="h-6 flex-1 rounded-sm"
                                style={{
+                                 backgroundColor: "rgba(0, 212, 255, 0.052496698338919456)"
-                                 background-color: "rgba(0, 212, 255, 0.027)"
                                }}
                              >
                              <div
                                className="h-6 flex-1 rounded-sm"
                                style={{
+                                 backgroundColor: "rgba(0, 212, 255, 0.025376018919477134)"
-                                 background-color: "rgba(0, 212, 255, 0.06)"
                                }}
                              >
                              <div
                                className="h-6 flex-1 rounded-sm"
                                style={{
+                                 backgroundColor: "rgba(0, 212, 255, 0.09904368299853916)"
-                                 background-color: "rgba(0, 212, 255, 0.04)"
                                }}
                              >
                              <div
                                className="h-6 flex-1 rounded-sm"
                                style={{
+                                 backgroundColor: "rgba(0, 212, 255, 0.058974545902099135)"
-                                 background-color: "rgba(0, 212, 255, 0.07)"
                                }}
                              >
                              <div
                                className="h-6 flex-1 rounded-sm"
                                style={{
+                                 backgroundColor: "rgba(0, 212, 255, 0.0665244989182158)"
-                                 background-color: "rgba(0, 212, 255, 0.075)"
                                }}
                              >
                            ...
                          ...
                      ...
                    ...
              ...
            ...
        ...
      ...
 
[browser] A tree hydrated but some attributes of the server rendered HTML didn't match the client properties. This won't be patched up. This can happen if a SSR-ed Client Component used:

- A server/client branch `if (typeof window !== 'undefined')`.
- Variable input such as `Date.now()` or `Math.random()` which changes each time it's called.
- Date formatting in a user's locale which doesn't match the server.
- External changing data without sending a snapshot of it along with the HTML.
- Invalid HTML tag nesting.

It can also happen if the client has a browser extension installed which messes with the HTML before React loaded.

https://react.dev/link/hydration-mismatch

  ...
    <RedirectErrorBoundary router={{...}}>
      <InnerLayoutRouter url="/#candidates" tree={[...]} params={{}} cacheNode={{rsc:{...}, ...}} segmentPath={[...]} ...>
        <SegmentViewNode type="page" pagePath="page.tsx">
          <SegmentTrieNode>
          <Home>
            <Navbar>
            <main className="flex flex-col">
              <Hero>
              <LightCurveUpload>
              <DetectionPipeline>
              <DashboardPreview>
              <ExplainableAI>
                <section id="explainabi..." className="relative p...">
                  <div className="mx-auto ma...">
                    <div>
                    <div className="grid gap-4...">
                      <div className="lg:col-span-3">
                        <div className="rounded-lg..." style={{...}}>
                          <div>
                          <div className="mb-4">
                            <div>
                            <div className="flex gap-[...">
                              <div
                                className="h-6 flex-1 rounded-sm"
                                style={{
+                                 backgroundColor: "rgba(0, 212, 255, 0.03981263386080323)"
-                                 background-color: "rgba(0, 212, 255, 0.098)"
                                }}
                              >
                              <div
                                className="h-6 flex-1 rounded-sm"
                                style={{
+                                 backgroundColor: "rgba(0, 212, 255, 0.020857598926356104)"
-                                 background-color: "rgba(0, 212, 255, 0.07)"
                                }}
                              >
                              <div
                                className="h-6 flex-1 rounded-sm"
                                style={{
+                                 backgroundColor: "rgba(0, 212, 255, 0.06245045313900931)"
-                                 background-color: "rgba(0, 212, 255, 0.03)"
                                }}
                              >
                              <div
                                className="h-6 flex-1 rounded-sm"
                                style={{
+                                 backgroundColor: "rgba(0, 212, 255, 0.07537847069820834)"
-                                 background-color: "rgba(0, 212, 255, 0.055)"
                                }}
                              >
                              <div
                                className="h-6 flex-1 rounded-sm"
                                style={{
+                                 backgroundColor: "rgba(0, 212, 255, 0.04904612569690268)"
-                                 background-color: "rgba(0, 212, 255, 0.094)"
                                }}
                              >
                              <div
                                className="h-6 flex-1 rounded-sm"
                                style={{
+                                 backgroundColor: "rgba(0, 212, 255, 0.05099394679111838)"
-                                 background-color: "rgba(0, 212, 255, 0.098)"
                                }}
                              >
                              <div
                                className="h-6 flex-1 rounded-sm"
                                style={{
+                                 backgroundColor: "rgba(0, 212, 255, 0.0340259905178141)"
-                                 background-color: "rgba(0, 212, 255, 0.06)"
                                }}
                              >
                              <div
                                className="h-6 flex-1 rounded-sm"
                                style={{
+                                 backgroundColor: "rgba(0, 212, 255, 0.03302824273197782)"
-                                 background-color: "rgba(0, 212, 255, 0.024)"
                                }}
                              >
                              <div
                                className="h-6 flex-1 rounded-sm"
                                style={{
+                                 backgroundColor: "rgba(0, 212, 255, 0.0727725749887209)"
-                                 background-color: "rgba(0, 212, 255, 0.098)"
                                }}
                              >
                              <div
                                className="h-6 flex-1 rounded-sm"
                                style={{
+                                 backgroundColor: "rgba(0, 212, 255, 0.03861347819592251)"
-                                 background-color: "rgba(0, 212, 255, 0.04)"
                                }}
                              >
                              <div
                                className="h-6 flex-1 rounded-sm"
                                style={{
+                                 backgroundColor: "rgba(0, 212, 255, 0.025484473056275502)"
-                                 background-color: "rgba(0, 212, 255, 0.07)"
                                }}
                              >
                              <div
                                className="h-6 flex-1 rounded-sm"
                                style={{
+                                 backgroundColor: "rgba(0, 212, 255, 0.05514446175846717)"
-                                 background-color: "rgba(0, 212, 255, 0.035)"
                                }}
                              >
                              <div
                                className="h-6 flex-1 rounded-sm"
                                style={{
+                                 backgroundColor: "rgba(0, 212, 255, 0.06546462297969194)"
-                                 background-color: "rgba(0, 212, 255, 0.024)"
                                }}
                              >
                              <div
                                className="h-6 flex-1 rounded-sm"
                                style={{
+                                 backgroundColor: "rgba(0, 212, 255, 0.023231851315277368)"
-                                 background-color: "rgba(0, 212, 255, 0.082)"
                                }}
                              >
                              <div
                                className="h-6 flex-1 rounded-sm"
                                style={{
+                                 backgroundColor: "rgba(0, 212, 255, 0.03774316083084478)"
-                                 background-color: "rgba(0, 212, 255, 0.086)"
                                }}
                              >
                              <div
                                className="h-6 flex-1 rounded-sm"
                                style={{
+                                 backgroundColor: "rgba(0, 212, 255, 0.06573499734148974)"
-                                 background-color: "rgba(0, 212, 255, 0.07)"
                                }}
                              >
                              <div
                                className="h-6 flex-1 rounded-sm"
                                style={{
+                                 backgroundColor: "rgba(0, 212, 255, 0.02622720018165828)"
-                                 background-color: "rgba(0, 212, 255, 0.075)"
                                }}
                              >
                              <div
                                className="h-6 flex-1 rounded-sm"
                                style={{
+                                 backgroundColor: "rgba(0, 212, 255, 0.06585195052546908)"
-                                 background-color: "rgba(0, 212, 255, 0.067)"
                                }}
                              >
                              <div
                                className="h-6 flex-1 rounded-sm"
                                style={{
+                                 backgroundColor: "rgba(0, 212, 255, 0.04089724058191814)"
-                                 background-color: "rgba(0, 212, 255, 0.07)"
                                }}
                              >
                              <div
                                className="h-6 flex-1 rounded-sm"
                                style={{
+                                 backgroundColor: "rgba(0, 212, 255, 0.03284976952139103)"
-                                 background-color: "rgba(0, 212, 255, 0.047)"
                                }}
                              >
                              <div
                                className="h-6 flex-1 rounded-sm"
                                style={{
+                                 backgroundColor: "rgba(0, 212, 255, 0.82795404111468)"
-                                 background-color: "rgba(0, 212, 255, 0.79)"
                                }}
                              >
                              <div
                                className="h-6 flex-1 rounded-sm"
                                style={{
+                                 backgroundColor: "rgba(0, 212, 255, 0.7910169676358808)"
-                                 background-color: "rgba(0, 212, 255, 0.882)"
                                }}
                              >
                              <div
                                className="h-6 flex-1 rounded-sm"
                                style={{
+                                 backgroundColor: "rgba(0, 212, 255, 0.8060718504179017)"
-                                 background-color: "rgba(0, 212, 255, 0.8)"
                                }}
                              >
                              <div
                                className="h-6 flex-1 rounded-sm"
                                style={{
+                                 backgroundColor: "rgba(0, 212, 255, 0.7771336240160224)"
-                                 background-color: "rgba(0, 212, 255, 0.918)"
                                }}
                              >
                              <div
                                className="h-6 flex-1 rounded-sm"
                                style={{
+                                 backgroundColor: "rgba(0, 212, 255, 0.8933726687824058)"
-                                 background-color: "rgba(0, 212, 255, 0.804)"
                                }}
                              >
                              <div
                                className="h-6 flex-1 rounded-sm"
                                style={{
+                                 backgroundColor: "rgba(0, 212, 255, 0.7565307857603686)"
-                                 background-color: "rgba(0, 212, 255, 0.81)"
                                }}
                              >
                              <div
                                className="h-6 flex-1 rounded-sm"
                                style={{
+                                 backgroundColor: "rgba(0, 212, 255, 0.9091839433372969)"
-                                 background-color: "rgba(0, 212, 255, 0.9)"
                                }}
                              >
                              <div
                                className="h-6 flex-1 rounded-sm"
                                style={{
+                                 backgroundColor: "rgba(0, 212, 255, 0.08304746064119425)"
-                                 background-color: "rgba(0, 212, 255, 0.027)"
                                }}
                              >
                              <div
                                className="h-6 flex-1 rounded-sm"
                                style={{
+                                 backgroundColor: "rgba(0, 212, 255, 0.05962310944907713)"
-                                 background-color: "rgba(0, 212, 255, 0.03)"
                                }}
                              >
                              <div
                                className="h-6 flex-1 rounded-sm"
                                style={{
+                                 backgroundColor: "rgba(0, 212, 255, 0.04432907369273384)"
-                                 background-color: "rgba(0, 212, 255, 0.04)"
                                }}
                              >
                              <div
                                className="h-6 flex-1 rounded-sm"
                                style={{
+                                 backgroundColor: "rgba(0, 212, 255, 0.09886500686544156)"
-                                 background-color: "rgba(0, 212, 255, 0.08)"
                                }}
                              >
                              <div
                                className="h-6 flex-1 rounded-sm"
                                style={{
+                                 backgroundColor: "rgba(0, 212, 255, 0.0524021714219554)"
-                                 background-color: "rgba(0, 212, 255, 0.086)"
                                }}
                              >
                              <div
                                className="h-6 flex-1 rounded-sm"
                                style={{
+                                 backgroundColor: "rgba(0, 212, 255, 0.04106446648525892)"
-                                 background-color: "rgba(0, 212, 255, 0.086)"
                                }}
                              >
                              <div
                                className="h-6 flex-1 rounded-sm"
                                style={{
+                                 backgroundColor: "rgba(0, 212, 255, 0.09431473642746609)"
-                                 background-color: "rgba(0, 212, 255, 0.047)"
                                }}
                              >
                              <div
                                className="h-6 flex-1 rounded-sm"
                                style={{
+                                 backgroundColor: "rgba(0, 212, 255, 0.035011538513476353)"
-                                 background-color: "rgba(0, 212, 255, 0.094)"
                                }}
                              >
                              <div
                                className="h-6 flex-1 rounded-sm"
                                style={{
+                                 backgroundColor: "rgba(0, 212, 255, 0.03820531479563483)"
-                                 background-color: "rgba(0, 212, 255, 0.06)"
                                }}
                              >
                              <div
                                className="h-6 flex-1 rounded-sm"
                                style={{
+                                 backgroundColor: "rgba(0, 212, 255, 0.030972393545244944)"
-                                 background-color: "rgba(0, 212, 255, 0.086)"
                                }}
                              >
                              <div
                                className="h-6 flex-1 rounded-sm"
                                style={{
+                                 backgroundColor: "rgba(0, 212, 255, 0.062111784077859306)"
-                                 background-color: "rgba(0, 212, 255, 0.047)"
                                }}
                              >
                              <div
                                className="h-6 flex-1 rounded-sm"
                                style={{
+                                 backgroundColor: "rgba(0, 212, 255, 0.06723665240425761)"
-                                 background-color: "rgba(0, 212, 255, 0.035)"
                                }}
                              >
                              <div
                                className="h-6 flex-1 rounded-sm"
                                style={{
+                                 backgroundColor: "rgba(0, 212, 255, 0.07151040159129674)"
-                                 background-color: "rgba(0, 212, 255, 0.086)"
                                }}
                              >
                              <div
                                className="h-6 flex-1 rounded-sm"
                                style={{
+                                 backgroundColor: "rgba(0, 212, 255, 0.02447659723118596)"
-                                 background-color: "rgba(0, 212, 255, 0.09)"
                                }}
                              >
                              <div
                                className="h-6 flex-1 rounded-sm"
                                style={{
+                                 backgroundColor: "rgba(0, 212, 255, 0.0448346003298232)"
-                                 background-color: "rgba(0, 212, 255, 0.027)"
                                }}
                              >
                              <div
                                className="h-6 flex-1 rounded-sm"
                                style={{
+                                 backgroundColor: "rgba(0, 212, 255, 0.06099142947072238)"
-                                 background-color: "rgba(0, 212, 255, 0.082)"
                                }}
                              >
                              <div
                                className="h-6 flex-1 rounded-sm"
                                style={{
+                                 backgroundColor: "rgba(0, 212, 255, 0.0691041952527411)"
-                                 background-color: "rgba(0, 212, 255, 0.047)"
                                }}
                              >
                              <div
                                className="h-6 flex-1 rounded-sm"
                                style={{
+                                 backgroundColor: "rgba(0, 212, 255, 0.021324082481572998)"
-                                 background-color: "rgba(0, 212, 255, 0.05)"
                                }}
                              >
                              <div
                                className="h-6 flex-1 rounded-sm"
                                style={{
+                                 backgroundColor: "rgba(0, 212, 255, 0.04725290637102701)"
-                                 background-color: "rgba(0, 212, 255, 0.067)"
                                }}
                              >
                              <div
                                className="h-6 flex-1 rounded-sm"
                                style={{
+                                 backgroundColor: "rgba(0, 212, 255, 0.05721165764490331)"
-                                 background-color: "rgba(0, 212, 255, 0.067)"
                                }}
                              >
                              <div
                                className="h-6 flex-1 rounded-sm"
                                style={{
+                                 backgroundColor: "rgba(0, 212, 255, 0.08116038784185675)"
-                                 background-color: "rgba(0, 212, 255, 0.08)"
                                }}
                              >
                              <div
                                className="h-6 flex-1 rounded-sm"
                                style={{
+                                 backgroundColor: "rgba(0, 212, 255, 0.07286387446649557)"
-                                 background-color: "rgba(0, 212, 255, 0.063)"
                                }}
                              >
                              <div
                                className="h-6 flex-1 rounded-sm"
                                style={{
+                                 backgroundColor: "rgba(0, 212, 255, 0.052936606275816464)"
-                                 background-color: "rgba(0, 212, 255, 0.03)"
                                }}
                              >
                            ...
                          ...
                      ...
                    ...
              ...
            ...
        ...
      ...
 
[browser] A tree hydrated but some attributes of the server rendered HTML didn't match the client properties. This won't be patched up. This can happen if a SSR-ed Client Component used:

- A server/client branch `if (typeof window !== 'undefined')`.
- Variable input such as `Date.now()` or `Math.random()` which changes each time it's called.
- Date formatting in a user's locale which doesn't match the server.
- External changing data without sending a snapshot of it along with the HTML.
- Invalid HTML tag nesting.

It can also happen if the client has a browser extension installed which messes with the HTML before React loaded.

https://react.dev/link/hydration-mismatch

  ...
    <InnerLayoutRouter url="/#candidates" tree={[...]} params={{}} cacheNode={{rsc:{...}, ...}} segmentPath={[...]} ...>
      <SegmentViewNode type="page" pagePath="page.tsx">
        <SegmentTrieNode>
        <Home>
          <Navbar>
          <main className="flex flex-col">
            <Hero>
            <LightCurveUpload>
            <DetectionPipeline>
            <DashboardPreview>
            <ExplainableAI>
              <section id="explainabi..." className="border-b b...">
                <div className="mx-auto ma...">
                  <h2>
                  <p>
                  <div className="mt-6 grid ...">
                    <div className="lg:col-span-3">
                      <div className="card overf...">
                        <div>
                        <div className="p-4 space-y-4">
                          <div>
                            <div>
                            <div className="flex gap-0...">
                              <div
                                className="h-6 flex-1 rounded-sm"
                                style={{
+                                 backgroundColor: "rgba(37, 99, 235, 0.0351268123680713)"
-                                 background-color: "rgba(37, 99, 235, 0.027)"
                                }}
                              >
                              <div
                                className="h-6 flex-1 rounded-sm"
                                style={{
+                                 backgroundColor: "rgba(37, 99, 235, 0.039256936240650145)"
-                                 background-color: "rgba(37, 99, 235, 0.09)"
                                }}
                              >
                              <div
                                className="h-6 flex-1 rounded-sm"
                                style={{
+                                 backgroundColor: "rgba(37, 99, 235, 0.04339607240279105)"
-                                 background-color: "rgba(37, 99, 235, 0.05)"
                                }}
                              >
                              <div
                                className="h-6 flex-1 rounded-sm"
                                style={{
+                                 backgroundColor: "rgba(37, 99, 235, 0.03340762285859905)"
-                                 background-color: "rgba(37, 99, 235, 0.047)"
                                }}
                              >
                              <div
                                className="h-6 flex-1 rounded-sm"
                                style={{
+                                 backgroundColor: "rgba(37, 99, 235, 0.08978668784768913)"
-                                 background-color: "rgba(37, 99, 235, 0.067)"
                                }}
                              >
                              <div
                                className="h-6 flex-1 rounded-sm"
                                style={{
+                                 backgroundColor: "rgba(37, 99, 235, 0.08424041822754429)"
-                                 background-color: "rgba(37, 99, 235, 0.055)"
                                }}
                              >
                              <div
                                className="h-6 flex-1 rounded-sm"
                                style={{
+                                 backgroundColor: "rgba(37, 99, 235, 0.04277000444817818)"
-                                 background-color: "rgba(37, 99, 235, 0.08)"
                                }}
                              >
                              <div
                                className="h-6 flex-1 rounded-sm"
                                style={{
+                                 backgroundColor: "rgba(37, 99, 235, 0.047144887552633796)"
-                                 background-color: "rgba(37, 99, 235, 0.055)"
                                }}
                              >
                              <div
                                className="h-6 flex-1 rounded-sm"
                                style={{
+                                 backgroundColor: "rgba(37, 99, 235, 0.03850852271381047)"
-                                 background-color: "rgba(37, 99, 235, 0.063)"
                                }}
                              >
                              <div
                                className="h-6 flex-1 rounded-sm"
                                style={{
+                                 backgroundColor: "rgba(37, 99, 235, 0.06217861934322805)"
-                                 background-color: "rgba(37, 99, 235, 0.098)"
                                }}
                              >
                              <div
                                className="h-6 flex-1 rounded-sm"
                                style={{
+                                 backgroundColor: "rgba(37, 99, 235, 0.0856973368654568)"
-                                 background-color: "rgba(37, 99, 235, 0.08)"
                                }}
                              >
                              <div
                                className="h-6 flex-1 rounded-sm"
                                style={{
+                                 backgroundColor: "rgba(37, 99, 235, 0.0771703570166057)"
-                                 background-color: "rgba(37, 99, 235, 0.075)"
                                }}
                              >
                              <div
                                className="h-6 flex-1 rounded-sm"
                                style={{
+                                 backgroundColor: "rgba(37, 99, 235, 0.085834932471919)"
-                                 background-color: "rgba(37, 99, 235, 0.055)"
                                }}
                              >
                              <div
                                className="h-6 flex-1 rounded-sm"
                                style={{
+                                 backgroundColor: "rgba(37, 99, 235, 0.06196145512598138)"
-                                 background-color: "rgba(37, 99, 235, 0.04)"
                                }}
                              >
                              <div
                                className="h-6 flex-1 rounded-sm"
                                style={{
+                                 backgroundColor: "rgba(37, 99, 235, 0.0697617385658043)"
-                                 background-color: "rgba(37, 99, 235, 0.027)"
                                }}
                              >
                              <div
                                className="h-6 flex-1 rounded-sm"
                                style={{
+                                 backgroundColor: "rgba(37, 99, 235, 0.068466646347007)"
-                                 background-color: "rgba(37, 99, 235, 0.067)"
                                }}
                              >
                              <div
                                className="h-6 flex-1 rounded-sm"
                                style={{
+                                 backgroundColor: "rgba(37, 99, 235, 0.05678641897916302)"
-                                 background-color: "rgba(37, 99, 235, 0.043)"
                                }}
                              >
                              <div
                                className="h-6 flex-1 rounded-sm"
                                style={{
+                                 backgroundColor: "rgba(37, 99, 235, 0.06608000760943676)"
-                                 background-color: "rgba(37, 99, 235, 0.063)"
                                }}
                              >
                              <div
                                className="h-6 flex-1 rounded-sm"
                                style={{
+                                 backgroundColor: "rgba(37, 99, 235, 0.07847829309826024)"
-                                 background-color: "rgba(37, 99, 235, 0.043)"
                                }}
                              >
                              <div
                                className="h-6 flex-1 rounded-sm"
                                style={{
+                                 backgroundColor: "rgba(37, 99, 235, 0.030053279356781808)"
-                                 background-color: "rgba(37, 99, 235, 0.07)"
                                }}
                              >
                              <div
                                className="h-6 flex-1 rounded-sm"
                                style={{
+                                 backgroundColor: "rgba(37, 99, 235, 0.885689271481793)"
-                                 background-color: "rgba(37, 99, 235, 0.753)"
                                }}
                              >
                              <div
                                className="h-6 flex-1 rounded-sm"
                                style={{
+                                 backgroundColor: "rgba(37, 99, 235, 0.8114588655493479)"
-                                 background-color: "rgba(37, 99, 235, 0.753)"
                                }}
                              >
                              <div
                                className="h-6 flex-1 rounded-sm"
                                style={{
+                                 backgroundColor: "rgba(37, 99, 235, 0.790677903662774)"
-                                 background-color: "rgba(37, 99, 235, 0.816)"
                                }}
                              >
                              <div
                                className="h-6 flex-1 rounded-sm"
                                style={{
+                                 backgroundColor: "rgba(37, 99, 235, 0.8605037317347504)"
-                                 background-color: "rgba(37, 99, 235, 0.918)"
                                }}
                              >
                              <div
                                className="h-6 flex-1 rounded-sm"
                                style={{
+                                 backgroundColor: "rgba(37, 99, 235, 0.8075195243247991)"
-                                 background-color: "rgba(37, 99, 235, 0.808)"
                                }}
                              >
                              <div
                                className="h-6 flex-1 rounded-sm"
                                style={{
+                                 backgroundColor: "rgba(37, 99, 235, 0.7843462613882245)"
-                                 background-color: "rgba(37, 99, 235, 0.753)"
                                }}
                              >
                              <div
                                className="h-6 flex-1 rounded-sm"
                                style={{
+                                 backgroundColor: "rgba(37, 99, 235, 0.8724698362523768)"
-                                 background-color: "rgba(37, 99, 235, 0.804)"
                                }}
                              >
                              <div
                                className="h-6 flex-1 rounded-sm"
                                style={{
+                                 backgroundColor: "rgba(37, 99, 235, 0.025719331679800606)"
-                                 background-color: "rgba(37, 99, 235, 0.027)"
                                }}
                              >
                              <div
                                className="h-6 flex-1 rounded-sm"
                                style={{
+                                 backgroundColor: "rgba(37, 99, 235, 0.03637961485873837)"
-                                 background-color: "rgba(37, 99, 235, 0.06)"
                                }}
                              >
                              <div
                                className="h-6 flex-1 rounded-sm"
                                style={{
+                                 backgroundColor: "rgba(37, 99, 235, 0.06433296282968594)"
-                                 background-color: "rgba(37, 99, 235, 0.094)"
                                }}
                              >
                              <div
                                className="h-6 flex-1 rounded-sm"
                                style={{
+                                 backgroundColor: "rgba(37, 99, 235, 0.03746400713348702)"
-                                 background-color: "rgba(37, 99, 235, 0.043)"
                                }}
                              >
                              <div
                                className="h-6 flex-1 rounded-sm"
                                style={{
+                                 backgroundColor: "rgba(37, 99, 235, 0.029756001468799795)"
-                                 background-color: "rgba(37, 99, 235, 0.03)"
                                }}
                              >
                              <div
                                className="h-6 flex-1 rounded-sm"
                                style={{
+                                 backgroundColor: "rgba(37, 99, 235, 0.0823205497358802)"
-                                 background-color: "rgba(37, 99, 235, 0.063)"
                                }}
                              >
                              <div
                                className="h-6 flex-1 rounded-sm"
                                style={{
+                                 backgroundColor: "rgba(37, 99, 235, 0.07587105943859869)"
-                                 background-color: "rgba(37, 99, 235, 0.03)"
                                }}
                              >
                              <div
                                className="h-6 flex-1 rounded-sm"
                                style={{
+                                 backgroundColor: "rgba(37, 99, 235, 0.041564723974287204)"
-                                 background-color: "rgba(37, 99, 235, 0.043)"
                                }}
                              >
                              <div
                                className="h-6 flex-1 rounded-sm"
                                style={{
+                                 backgroundColor: "rgba(37, 99, 235, 0.05139796540935648)"
-                                 background-color: "rgba(37, 99, 235, 0.09)"
                                }}
                              >
                              <div
                                className="h-6 flex-1 rounded-sm"
                                style={{
+                                 backgroundColor: "rgba(37, 99, 235, 0.0357256008884409)"
-                                 background-color: "rgba(37, 99, 235, 0.098)"
                                }}
                              >
                              <div
                                className="h-6 flex-1 rounded-sm"
                                style={{
+                                 backgroundColor: "rgba(37, 99, 235, 0.03316235777527189)"
-                                 background-color: "rgba(37, 99, 235, 0.067)"
                                }}
                              >
                              <div
                                className="h-6 flex-1 rounded-sm"
                                style={{
+                                 backgroundColor: "rgba(37, 99, 235, 0.038434906152036194)"
-                                 background-color: "rgba(37, 99, 235, 0.02)"
                                }}
                              >
                              <div
                                className="h-6 flex-1 rounded-sm"
                                style={{
+                                 backgroundColor: "rgba(37, 99, 235, 0.08491011533006751)"
-                                 background-color: "rgba(37, 99, 235, 0.03)"
                                }}
                              >
                              <div
                                className="h-6 flex-1 rounded-sm"
                                style={{
+                                 backgroundColor: "rgba(37, 99, 235, 0.07526967186782114)"
-                                 background-color: "rgba(37, 99, 235, 0.082)"
                                }}
                              >
                              <div
                                className="h-6 flex-1 rounded-sm"
                                style={{
+                                 backgroundColor: "rgba(37, 99, 235, 0.08809226604606157)"
-                                 background-color: "rgba(37, 99, 235, 0.075)"
                                }}
                              >
                              <div
                                className="h-6 flex-1 rounded-sm"
                                style={{
+                                 backgroundColor: "rgba(37, 99, 235, 0.021283461266186576)"
-                                 background-color: "rgba(37, 99, 235, 0.05)"
                                }}
                              >
                              <div
                                className="h-6 flex-1 rounded-sm"
                                style={{
+                                 backgroundColor: "rgba(37, 99, 235, 0.07057860746242094)"
-                                 background-color: "rgba(37, 99, 235, 0.03)"
                                }}
                              >
                              <div
                                className="h-6 flex-1 rounded-sm"
                                style={{
+                                 backgroundColor: "rgba(37, 99, 235, 0.053364359325892216)"
-                                 background-color: "rgba(37, 99, 235, 0.086)"
                                }}
                              >
                              <div
                                className="h-6 flex-1 rounded-sm"
                                style={{
+                                 backgroundColor: "rgba(37, 99, 235, 0.03908759442653228)"
-                                 background-color: "rgba(37, 99, 235, 0.086)"
                                }}
                              >
                              <div
                                className="h-6 flex-1 rounded-sm"
                                style={{
+                                 backgroundColor: "rgba(37, 99, 235, 0.07228011415714508)"
-                                 background-color: "rgba(37, 99, 235, 0.07)"
                                }}
                              >
                              <div
                                className="h-6 flex-1 rounded-sm"
                                style={{
+                                 backgroundColor: "rgba(37, 99, 235, 0.08041660138404426)"
-                                 background-color: "rgba(37, 99, 235, 0.08)"
                                }}
                              >
                              <div
                                className="h-6 flex-1 rounded-sm"
                                style={{
+                                 backgroundColor: "rgba(37, 99, 235, 0.04437292894945254)"
-                                 background-color: "rgba(37, 99, 235, 0.094)"
                                }}
                              >
                              <div
                                className="h-6 flex-1 rounded-sm"
                                style={{
+                                 backgroundColor: "rgba(37, 99, 235, 0.08950344629520833)"
-                                 background-color: "rgba(37, 99, 235, 0.035)"
                                }}
                              >
                            ...
                          ...
                    ...
                  ...
            ...
          ...
      ...
 
[browser] ./components/detection-pipeline.tsx:4:1
Error: Export barChart3 doesn't exist in target module
  2 |
  3 | import { motion } from "framer-motion";
> 4 | import { database, barChart3, brain, checkCircle2 } from "lucide-react";
    | ^^^^^^^^^^^^^^^^^^^^^^^^^^^^^^^^^^^^^^^^^^^^^^^^^^^^^^^^^^^^^^^^^^^^^^^^
  5 | import type { LucideIcon } from "lucide-react";
  6 |
  7 | interface Step {

The export barChart3 was not found in module [project]/node_modules/lucide-react/dist/esm/lucide-react.mjs [app-client] (ecmascript).
Did you mean to import BarChart3?
All exports of the module are statically known (It doesn't have dynamic exports). So it's known statically that the requested export doesn't exist.

Import trace:
  Server Component:
    ./components/detection-pipeline.tsx
    ./app/page.tsx 
[browser] ./components/detection-pipeline.tsx:4:1
Error: Export barChart3 doesn't exist in target module
  2 |
  3 | import { motion } from "framer-motion";
> 4 | import { database, barChart3, brain, checkCircle2 } from "lucide-react";
    | ^^^^^^^^^^^^^^^^^^^^^^^^^^^^^^^^^^^^^^^^^^^^^^^^^^^^^^^^^^^^^^^^^^^^^^^^
  5 | import type { LucideIcon } from "lucide-react";
  6 |
  7 | interface Step {

The export barChart3 was not found in module [project]/node_modules/lucide-react/dist/esm/lucide-react.mjs [app-ssr] (ecmascript).
Did you mean to import BarChart3?
All exports of the module are statically known (It doesn't have dynamic exports). So it's known statically that the requested export doesn't exist.

Import trace:
  Server Component:
    ./components/detection-pipeline.tsx
    ./app/page.tsx 
[browser] ./components/detection-pipeline.tsx:4:1
Error: Export brain doesn't exist in target module
  2 |
  3 | import { motion } from "framer-motion";
> 4 | import { database, barChart3, brain, checkCircle2 } from "lucide-react";
    | ^^^^^^^^^^^^^^^^^^^^^^^^^^^^^^^^^^^^^^^^^^^^^^^^^^^^^^^^^^^^^^^^^^^^^^^^
  5 | import type { LucideIcon } from "lucide-react";
  6 |
  7 | interface Step {

The export brain was not found in module [project]/node_modules/lucide-react/dist/esm/lucide-react.mjs [app-client] (ecmascript).
Did you mean to import Train?
All exports of the module are statically known (It doesn't have dynamic exports). So it's known statically that the requested export doesn't exist.

Import trace:
  Server Component:
    ./components/detection-pipeline.tsx
    ./app/page.tsx 
[browser] ./components/detection-pipeline.tsx:4:1
Error: Export brain doesn't exist in target module
  2 |
  3 | import { motion } from "framer-motion";
> 4 | import { database, barChart3, brain, checkCircle2 } from "lucide-react";
    | ^^^^^^^^^^^^^^^^^^^^^^^^^^^^^^^^^^^^^^^^^^^^^^^^^^^^^^^^^^^^^^^^^^^^^^^^
  5 | import type { LucideIcon } from "lucide-react";
  6 |
  7 | interface Step {

The export brain was not found in module [project]/node_modules/lucide-react/dist/esm/lucide-react.mjs [app-ssr] (ecmascript).
Did you mean to import Train?
All exports of the module are statically known (It doesn't have dynamic exports). So it's known statically that the requested export doesn't exist.

Import trace:
  Server Component:
    ./components/detection-pipeline.tsx
    ./app/page.tsx 
[browser] ./components/detection-pipeline.tsx:4:1
Error: Export checkCircle2 doesn't exist in target module
  2 |
  3 | import { motion } from "framer-motion";
> 4 | import { database, barChart3, brain, checkCircle2 } from "lucide-react";
    | ^^^^^^^^^^^^^^^^^^^^^^^^^^^^^^^^^^^^^^^^^^^^^^^^^^^^^^^^^^^^^^^^^^^^^^^^
  5 | import type { LucideIcon } from "lucide-react";
  6 |
  7 | interface Step {

The export checkCircle2 was not found in module [project]/node_modules/lucide-react/dist/esm/lucide-react.mjs [app-client] (ecmascript).
Did you mean to import CheckCircle2?
All exports of the module are statically known (It doesn't have dynamic exports). So it's known statically that the requested export doesn't exist.

Import trace:
  Server Component:
    ./components/detection-pipeline.tsx
    ./app/page.tsx 
[browser] ./components/detection-pipeline.tsx:4:1
Error: Export checkCircle2 doesn't exist in target module
  2 |
  3 | import { motion } from "framer-motion";
> 4 | import { database, barChart3, brain, checkCircle2 } from "lucide-react";
    | ^^^^^^^^^^^^^^^^^^^^^^^^^^^^^^^^^^^^^^^^^^^^^^^^^^^^^^^^^^^^^^^^^^^^^^^^
  5 | import type { LucideIcon } from "lucide-react";
  6 |
  7 | interface Step {

The export checkCircle2 was not found in module [project]/node_modules/lucide-react/dist/esm/lucide-react.mjs [app-ssr] (ecmascript).
Did you mean to import CheckCircle2?
All exports of the module are statically known (It doesn't have dynamic exports). So it's known statically that the requested export doesn't exist.

Import trace:
  Server Component:
    ./components/detection-pipeline.tsx
    ./app/page.tsx 
[browser] ./components/detection-pipeline.tsx:4:1
Error: Export database doesn't exist in target module
  2 |
  3 | import { motion } from "framer-motion";
> 4 | import { database, barChart3, brain, checkCircle2 } from "lucide-react";
    | ^^^^^^^^^^^^^^^^^^^^^^^^^^^^^^^^^^^^^^^^^^^^^^^^^^^^^^^^^^^^^^^^^^^^^^^^
  5 | import type { LucideIcon } from "lucide-react";
  6 |
  7 | interface Step {

The export database was not found in module [project]/node_modules/lucide-react/dist/esm/lucide-react.mjs [app-client] (ecmascript).
Did you mean to import Database?
All exports of the module are statically known (It doesn't have dynamic exports). So it's known statically that the requested export doesn't exist.

Import trace:
  Server Component:
    ./components/detection-pipeline.tsx
    ./app/page.tsx 
[browser] ./components/detection-pipeline.tsx:4:1
Error: Export database doesn't exist in target module
  2 |
  3 | import { motion } from "framer-motion";
> 4 | import { database, barChart3, brain, checkCircle2 } from "lucide-react";
    | ^^^^^^^^^^^^^^^^^^^^^^^^^^^^^^^^^^^^^^^^^^^^^^^^^^^^^^^^^^^^^^^^^^^^^^^^
  5 | import type { LucideIcon } from "lucide-react";
  6 |
  7 | interface Step {

The export database was not found in module [project]/node_modules/lucide-react/dist/esm/lucide-react.mjs [app-ssr] (ecmascript).
Did you mean to import Database?
All exports of the module are statically known (It doesn't have dynamic exports). So it's known statically that the requested export doesn't exist.

Import trace:
  Server Component:
    ./components/detection-pipeline.tsx
    ./app/page.tsx 
[browser] ./components/detection-pipeline.tsx:4:1
Error: Export barChart3 doesn't exist in target module
  2 |
  3 | import { motion } from "framer-motion";
> 4 | import { database, barChart3, brain, checkCircle2 } from "lucide-react";
    | ^^^^^^^^^^^^^^^^^^^^^^^^^^^^^^^^^^^^^^^^^^^^^^^^^^^^^^^^^^^^^^^^^^^^^^^^
  5 | import type { LucideIcon } from "lucide-react";
  6 |
  7 | interface Step {

The export barChart3 was not found in module [project]/node_modules/lucide-react/dist/esm/lucide-react.mjs [app-client] (ecmascript).
Did you mean to import BarChart3?
All exports of the module are statically known (It doesn't have dynamic exports). So it's known statically that the requested export doesn't exist.

Import trace:
  Server Component:
    ./components/detection-pipeline.tsx
    ./app/page.tsx 
[browser] ./components/detection-pipeline.tsx:4:1
Error: Export barChart3 doesn't exist in target module
  2 |
  3 | import { motion } from "framer-motion";
> 4 | import { database, barChart3, brain, checkCircle2 } from "lucide-react";
    | ^^^^^^^^^^^^^^^^^^^^^^^^^^^^^^^^^^^^^^^^^^^^^^^^^^^^^^^^^^^^^^^^^^^^^^^^
  5 | import type { LucideIcon } from "lucide-react";
  6 |
  7 | interface Step {

The export barChart3 was not found in module [project]/node_modules/lucide-react/dist/esm/lucide-react.mjs [app-ssr] (ecmascript).
Did you mean to import BarChart3?
All exports of the module are statically known (It doesn't have dynamic exports). So it's known statically that the requested export doesn't exist.

Import trace:
  Server Component:
    ./components/detection-pipeline.tsx
    ./app/page.tsx 
[browser] ./components/detection-pipeline.tsx:4:1
Error: Export brain doesn't exist in target module
  2 |
  3 | import { motion } from "framer-motion";
> 4 | import { database, barChart3, brain, checkCircle2 } from "lucide-react";
    | ^^^^^^^^^^^^^^^^^^^^^^^^^^^^^^^^^^^^^^^^^^^^^^^^^^^^^^^^^^^^^^^^^^^^^^^^
  5 | import type { LucideIcon } from "lucide-react";
  6 |
  7 | interface Step {

The export brain was not found in module [project]/node_modules/lucide-react/dist/esm/lucide-react.mjs [app-client] (ecmascript).
Did you mean to import Train?
All exports of the module are statically known (It doesn't have dynamic exports). So it's known statically that the requested export doesn't exist.

Import trace:
  Server Component:
    ./components/detection-pipeline.tsx
    ./app/page.tsx 
[browser] ./components/detection-pipeline.tsx:4:1
Error: Export brain doesn't exist in target module
  2 |
  3 | import { motion } from "framer-motion";
> 4 | import { database, barChart3, brain, checkCircle2 } from "lucide-react";
    | ^^^^^^^^^^^^^^^^^^^^^^^^^^^^^^^^^^^^^^^^^^^^^^^^^^^^^^^^^^^^^^^^^^^^^^^^
  5 | import type { LucideIcon } from "lucide-react";
  6 |
  7 | interface Step {

The export brain was not found in module [project]/node_modules/lucide-react/dist/esm/lucide-react.mjs [app-ssr] (ecmascript).
Did you mean to import Train?
All exports of the module are statically known (It doesn't have dynamic exports). So it's known statically that the requested export doesn't exist.

Import trace:
  Server Component:
    ./components/detection-pipeline.tsx
    ./app/page.tsx 
[browser] ./components/detection-pipeline.tsx:4:1
Error: Export checkCircle2 doesn't exist in target module
  2 |
  3 | import { motion } from "framer-motion";
> 4 | import { database, barChart3, brain, checkCircle2 } from "lucide-react";
    | ^^^^^^^^^^^^^^^^^^^^^^^^^^^^^^^^^^^^^^^^^^^^^^^^^^^^^^^^^^^^^^^^^^^^^^^^
  5 | import type { LucideIcon } from "lucide-react";
  6 |
  7 | interface Step {

The export checkCircle2 was not found in module [project]/node_modules/lucide-react/dist/esm/lucide-react.mjs [app-client] (ecmascript).
Did you mean to import CheckCircle2?
All exports of the module are statically known (It doesn't have dynamic exports). So it's known statically that the requested export doesn't exist.

Import trace:
  Server Component:
    ./components/detection-pipeline.tsx
    ./app/page.tsx 
[browser] ./components/detection-pipeline.tsx:4:1
Error: Export checkCircle2 doesn't exist in target module
  2 |
  3 | import { motion } from "framer-motion";
> 4 | import { database, barChart3, brain, checkCircle2 } from "lucide-react";
    | ^^^^^^^^^^^^^^^^^^^^^^^^^^^^^^^^^^^^^^^^^^^^^^^^^^^^^^^^^^^^^^^^^^^^^^^^
  5 | import type { LucideIcon } from "lucide-react";
  6 |
  7 | interface Step {

The export checkCircle2 was not found in module [project]/node_modules/lucide-react/dist/esm/lucide-react.mjs [app-ssr] (ecmascript).
Did you mean to import CheckCircle2?
All exports of the module are statically known (It doesn't have dynamic exports). So it's known statically that the requested export doesn't exist.

Import trace:
  Server Component:
    ./components/detection-pipeline.tsx
    ./app/page.tsx 
[browser] ./components/detection-pipeline.tsx:4:1
Error: Export database doesn't exist in target module
  2 |
  3 | import { motion } from "framer-motion";
> 4 | import { database, barChart3, brain, checkCircle2 } from "lucide-react";
    | ^^^^^^^^^^^^^^^^^^^^^^^^^^^^^^^^^^^^^^^^^^^^^^^^^^^^^^^^^^^^^^^^^^^^^^^^
  5 | import type { LucideIcon } from "lucide-react";
  6 |
  7 | interface Step {

The export database was not found in module [project]/node_modules/lucide-react/dist/esm/lucide-react.mjs [app-client] (ecmascript).
Did you mean to import Database?
All exports of the module are statically known (It doesn't have dynamic exports). So it's known statically that the requested export doesn't exist.

Import trace:
  Server Component:
    ./components/detection-pipeline.tsx
    ./app/page.tsx 
[browser] ./components/detection-pipeline.tsx:4:1
Error: Export database doesn't exist in target module
  2 |
  3 | import { motion } from "framer-motion";
> 4 | import { database, barChart3, brain, checkCircle2 } from "lucide-react";
    | ^^^^^^^^^^^^^^^^^^^^^^^^^^^^^^^^^^^^^^^^^^^^^^^^^^^^^^^^^^^^^^^^^^^^^^^^
  5 | import type { LucideIcon } from "lucide-react";
  6 |
  7 | interface Step {

The export database was not found in module [project]/node_modules/lucide-react/dist/esm/lucide-react.mjs [app-ssr] (ecmascript).
Did you mean to import Database?
All exports of the module are statically known (It doesn't have dynamic exports). So it's known statically that the requested export doesn't exist.

Import trace:
  Server Component:
    ./components/detection-pipeline.tsx
    ./app/page.tsx 
[browser] ./components/detection-pipeline.tsx:4:1
Error: Export barChart3 doesn't exist in target module
  2 |
  3 | import { motion } from "framer-motion";
> 4 | import { database, barChart3, brain, checkCircle2 } from "lucide-react";
    | ^^^^^^^^^^^^^^^^^^^^^^^^^^^^^^^^^^^^^^^^^^^^^^^^^^^^^^^^^^^^^^^^^^^^^^^^
  5 | import type { LucideIcon } from "lucide-react";
  6 |
  7 | interface Step {

The export barChart3 was not found in module [project]/node_modules/lucide-react/dist/esm/lucide-react.mjs [app-client] (ecmascript).
Did you mean to import BarChart3?
All exports of the module are statically known (It doesn't have dynamic exports). So it's known statically that the requested export doesn't exist.

Import trace:
  Server Component:
    ./components/detection-pipeline.tsx
    ./app/page.tsx 
[browser] ./components/detection-pipeline.tsx:4:1
Error: Export barChart3 doesn't exist in target module
  2 |
  3 | import { motion } from "framer-motion";
> 4 | import { database, barChart3, brain, checkCircle2 } from "lucide-react";
    | ^^^^^^^^^^^^^^^^^^^^^^^^^^^^^^^^^^^^^^^^^^^^^^^^^^^^^^^^^^^^^^^^^^^^^^^^
  5 | import type { LucideIcon } from "lucide-react";
  6 |
  7 | interface Step {

The export barChart3 was not found in module [project]/node_modules/lucide-react/dist/esm/lucide-react.mjs [app-ssr] (ecmascript).
Did you mean to import BarChart3?
All exports of the module are statically known (It doesn't have dynamic exports). So it's known statically that the requested export doesn't exist.

Import trace:
  Server Component:
    ./components/detection-pipeline.tsx
    ./app/page.tsx 
[browser] ./components/detection-pipeline.tsx:4:1
Error: Export brain doesn't exist in target module
  2 |
  3 | import { motion } from "framer-motion";
> 4 | import { database, barChart3, brain, checkCircle2 } from "lucide-react";
    | ^^^^^^^^^^^^^^^^^^^^^^^^^^^^^^^^^^^^^^^^^^^^^^^^^^^^^^^^^^^^^^^^^^^^^^^^
  5 | import type { LucideIcon } from "lucide-react";
  6 |
  7 | interface Step {

The export brain was not found in module [project]/node_modules/lucide-react/dist/esm/lucide-react.mjs [app-client] (ecmascript).
Did you mean to import Train?
All exports of the module are statically known (It doesn't have dynamic exports). So it's known statically that the requested export doesn't exist.

Import trace:
  Server Component:
    ./components/detection-pipeline.tsx
    ./app/page.tsx 
[browser] ./components/detection-pipeline.tsx:4:1
Error: Export brain doesn't exist in target module
  2 |
  3 | import { motion } from "framer-motion";
> 4 | import { database, barChart3, brain, checkCircle2 } from "lucide-react";
    | ^^^^^^^^^^^^^^^^^^^^^^^^^^^^^^^^^^^^^^^^^^^^^^^^^^^^^^^^^^^^^^^^^^^^^^^^
  5 | import type { LucideIcon } from "lucide-react";
  6 |
  7 | interface Step {

The export brain was not found in module [project]/node_modules/lucide-react/dist/esm/lucide-react.mjs [app-ssr] (ecmascript).
Did you mean to import Train?
All exports of the module are statically known (It doesn't have dynamic exports). So it's known statically that the requested export doesn't exist.

Import trace:
  Server Component:
    ./components/detection-pipeline.tsx
    ./app/page.tsx 
[browser] ./components/detection-pipeline.tsx:4:1
Error: Export checkCircle2 doesn't exist in target module
  2 |
  3 | import { motion } from "framer-motion";
> 4 | import { database, barChart3, brain, checkCircle2 } from "lucide-react";
    | ^^^^^^^^^^^^^^^^^^^^^^^^^^^^^^^^^^^^^^^^^^^^^^^^^^^^^^^^^^^^^^^^^^^^^^^^
  5 | import type { LucideIcon } from "lucide-react";
  6 |
  7 | interface Step {

The export checkCircle2 was not found in module [project]/node_modules/lucide-react/dist/esm/lucide-react.mjs [app-client] (ecmascript).
Did you mean to import CheckCircle2?
All exports of the module are statically known (It doesn't have dynamic exports). So it's known statically that the requested export doesn't exist.

Import trace:
  Server Component:
    ./components/detection-pipeline.tsx
    ./app/page.tsx 
[browser] ./components/detection-pipeline.tsx:4:1
Error: Export checkCircle2 doesn't exist in target module
  2 |
  3 | import { motion } from "framer-motion";
> 4 | import { database, barChart3, brain, checkCircle2 } from "lucide-react";
    | ^^^^^^^^^^^^^^^^^^^^^^^^^^^^^^^^^^^^^^^^^^^^^^^^^^^^^^^^^^^^^^^^^^^^^^^^
  5 | import type { LucideIcon } from "lucide-react";
  6 |
  7 | interface Step {

The export checkCircle2 was not found in module [project]/node_modules/lucide-react/dist/esm/lucide-react.mjs [app-ssr] (ecmascript).
Did you mean to import CheckCircle2?
All exports of the module are statically known (It doesn't have dynamic exports). So it's known statically that the requested export doesn't exist.

Import trace:
  Server Component:
    ./components/detection-pipeline.tsx
    ./app/page.tsx 
[browser] ./components/detection-pipeline.tsx:4:1
Error: Export database doesn't exist in target module
  2 |
  3 | import { motion } from "framer-motion";
> 4 | import { database, barChart3, brain, checkCircle2 } from "lucide-react";
    | ^^^^^^^^^^^^^^^^^^^^^^^^^^^^^^^^^^^^^^^^^^^^^^^^^^^^^^^^^^^^^^^^^^^^^^^^
  5 | import type { LucideIcon } from "lucide-react";
  6 |
  7 | interface Step {

The export database was not found in module [project]/node_modules/lucide-react/dist/esm/lucide-react.mjs [app-client] (ecmascript).
Did you mean to import Database?
All exports of the module are statically known (It doesn't have dynamic exports). So it's known statically that the requested export doesn't exist.

Import trace:
  Server Component:
    ./components/detection-pipeline.tsx
    ./app/page.tsx 
[browser] ./components/detection-pipeline.tsx:4:1
Error: Export database doesn't exist in target module
  2 |
  3 | import { motion } from "framer-motion";
> 4 | import { database, barChart3, brain, checkCircle2 } from "lucide-react";
    | ^^^^^^^^^^^^^^^^^^^^^^^^^^^^^^^^^^^^^^^^^^^^^^^^^^^^^^^^^^^^^^^^^^^^^^^^
  5 | import type { LucideIcon } from "lucide-react";
  6 |
  7 | interface Step {

The export database was not found in module [project]/node_modules/lucide-react/dist/esm/lucide-react.mjs [app-ssr] (ecmascript).
Did you mean to import Database?
All exports of the module are statically known (It doesn't have dynamic exports). So it's known statically that the requested export doesn't exist.

Import trace:
  Server Component:
    ./components/detection-pipeline.tsx
    ./app/page.tsx 
[browser] ./components/detection-pipeline.tsx:4:1
Error: Export barChart3 doesn't exist in target module
  2 |
  3 | import { motion } from "framer-motion";
> 4 | import { database, barChart3, brain, checkCircle2 } from "lucide-react";
    | ^^^^^^^^^^^^^^^^^^^^^^^^^^^^^^^^^^^^^^^^^^^^^^^^^^^^^^^^^^^^^^^^^^^^^^^^
  5 | import type { LucideIcon } from "lucide-react";
  6 |
  7 | interface Step {

The export barChart3 was not found in module [project]/node_modules/lucide-react/dist/esm/lucide-react.mjs [app-client] (ecmascript).
Did you mean to import BarChart3?
All exports of the module are statically known (It doesn't have dynamic exports). So it's known statically that the requested export doesn't exist.

Import trace:
  Server Component:
    ./components/detection-pipeline.tsx
    ./app/page.tsx 
[browser] ./components/detection-pipeline.tsx:4:1
Error: Export barChart3 doesn't exist in target module
  2 |
  3 | import { motion } from "framer-motion";
> 4 | import { database, barChart3, brain, checkCircle2 } from "lucide-react";
    | ^^^^^^^^^^^^^^^^^^^^^^^^^^^^^^^^^^^^^^^^^^^^^^^^^^^^^^^^^^^^^^^^^^^^^^^^
  5 | import type { LucideIcon } from "lucide-react";
  6 |
  7 | interface Step {

The export barChart3 was not found in module [project]/node_modules/lucide-react/dist/esm/lucide-react.mjs [app-ssr] (ecmascript).
Did you mean to import BarChart3?
All exports of the module are statically known (It doesn't have dynamic exports). So it's known statically that the requested export doesn't exist.

Import trace:
  Server Component:
    ./components/detection-pipeline.tsx
    ./app/page.tsx 
[browser] ./components/detection-pipeline.tsx:4:1
Error: Export brain doesn't exist in target module
  2 |
  3 | import { motion } from "framer-motion";
> 4 | import { database, barChart3, brain, checkCircle2 } from "lucide-react";
    | ^^^^^^^^^^^^^^^^^^^^^^^^^^^^^^^^^^^^^^^^^^^^^^^^^^^^^^^^^^^^^^^^^^^^^^^^
  5 | import type { LucideIcon } from "lucide-react";
  6 |
  7 | interface Step {

The export brain was not found in module [project]/node_modules/lucide-react/dist/esm/lucide-react.mjs [app-client] (ecmascript).
Did you mean to import Train?
All exports of the module are statically known (It doesn't have dynamic exports). So it's known statically that the requested export doesn't exist.

Import trace:
  Server Component:
    ./components/detection-pipeline.tsx
    ./app/page.tsx 
[browser] ./components/detection-pipeline.tsx:4:1
Error: Export brain doesn't exist in target module
  2 |
  3 | import { motion } from "framer-motion";
> 4 | import { database, barChart3, brain, checkCircle2 } from "lucide-react";
    | ^^^^^^^^^^^^^^^^^^^^^^^^^^^^^^^^^^^^^^^^^^^^^^^^^^^^^^^^^^^^^^^^^^^^^^^^
  5 | import type { LucideIcon } from "lucide-react";
  6 |
  7 | interface Step {

The export brain was not found in module [project]/node_modules/lucide-react/dist/esm/lucide-react.mjs [app-ssr] (ecmascript).
Did you mean to import Train?
All exports of the module are statically known (It doesn't have dynamic exports). So it's known statically that the requested export doesn't exist.

Import trace:
  Server Component:
    ./components/detection-pipeline.tsx
    ./app/page.tsx 
[browser] ./components/detection-pipeline.tsx:4:1
Error: Export checkCircle2 doesn't exist in target module
  2 |
  3 | import { motion } from "framer-motion";
> 4 | import { database, barChart3, brain, checkCircle2 } from "lucide-react";
    | ^^^^^^^^^^^^^^^^^^^^^^^^^^^^^^^^^^^^^^^^^^^^^^^^^^^^^^^^^^^^^^^^^^^^^^^^
  5 | import type { LucideIcon } from "lucide-react";
  6 |
  7 | interface Step {

The export checkCircle2 was not found in module [project]/node_modules/lucide-react/dist/esm/lucide-react.mjs [app-client] (ecmascript).
Did you mean to import CheckCircle2?
All exports of the module are statically known (It doesn't have dynamic exports). So it's known statically that the requested export doesn't exist.

Import trace:
  Server Component:
    ./components/detection-pipeline.tsx
    ./app/page.tsx 
[browser] ./components/detection-pipeline.tsx:4:1
Error: Export checkCircle2 doesn't exist in target module
  2 |
  3 | import { motion } from "framer-motion";
> 4 | import { database, barChart3, brain, checkCircle2 } from "lucide-react";
    | ^^^^^^^^^^^^^^^^^^^^^^^^^^^^^^^^^^^^^^^^^^^^^^^^^^^^^^^^^^^^^^^^^^^^^^^^
  5 | import type { LucideIcon } from "lucide-react";
  6 |
  7 | interface Step {

The export checkCircle2 was not found in module [project]/node_modules/lucide-react/dist/esm/lucide-react.mjs [app-ssr] (ecmascript).
Did you mean to import CheckCircle2?
All exports of the module are statically known (It doesn't have dynamic exports). So it's known statically that the requested export doesn't exist.

Import trace:
  Server Component:
    ./components/detection-pipeline.tsx
    ./app/page.tsx 
[browser] ./components/detection-pipeline.tsx:4:1
Error: Export database doesn't exist in target module
  2 |
  3 | import { motion } from "framer-motion";
> 4 | import { database, barChart3, brain, checkCircle2 } from "lucide-react";
    | ^^^^^^^^^^^^^^^^^^^^^^^^^^^^^^^^^^^^^^^^^^^^^^^^^^^^^^^^^^^^^^^^^^^^^^^^
  5 | import type { LucideIcon } from "lucide-react";
  6 |
  7 | interface Step {

The export database was not found in module [project]/node_modules/lucide-react/dist/esm/lucide-react.mjs [app-client] (ecmascript).
Did you mean to import Database?
All exports of the module are statically known (It doesn't have dynamic exports). So it's known statically that the requested export doesn't exist.

Import trace:
  Server Component:
    ./components/detection-pipeline.tsx
    ./app/page.tsx 
[browser] ./components/detection-pipeline.tsx:4:1
Error: Export database doesn't exist in target module
  2 |
  3 | import { motion } from "framer-motion";
> 4 | import { database, barChart3, brain, checkCircle2 } from "lucide-react";
    | ^^^^^^^^^^^^^^^^^^^^^^^^^^^^^^^^^^^^^^^^^^^^^^^^^^^^^^^^^^^^^^^^^^^^^^^^
  5 | import type { LucideIcon } from "lucide-react";
  6 |
  7 | interface Step {

The export database was not found in module [project]/node_modules/lucide-react/dist/esm/lucide-react.mjs [app-ssr] (ecmascript).
Did you mean to import Database?
All exports of the module are statically known (It doesn't have dynamic exports). So it's known statically that the requested export doesn't exist.

Import trace:
  Server Component:
    ./components/detection-pipeline.tsx
    ./app/page.tsx 
[browser] ./components/detection-pipeline.tsx:4:1
Error: Export barChart3 doesn't exist in target module
  2 |
  3 | import { motion } from "framer-motion";
> 4 | import { database, barChart3, brain, checkCircle2 } from "lucide-react";
    | ^^^^^^^^^^^^^^^^^^^^^^^^^^^^^^^^^^^^^^^^^^^^^^^^^^^^^^^^^^^^^^^^^^^^^^^^
  5 | import type { LucideIcon } from "lucide-react";
  6 |
  7 | interface Step {

The export barChart3 was not found in module [project]/node_modules/lucide-react/dist/esm/lucide-react.mjs [app-client] (ecmascript).
Did you mean to import BarChart3?
All exports of the module are statically known (It doesn't have dynamic exports). So it's known statically that the requested export doesn't exist.

Import trace:
  Server Component:
    ./components/detection-pipeline.tsx
    ./app/page.tsx 
[browser] ./components/detection-pipeline.tsx:4:1
Error: Export barChart3 doesn't exist in target module
  2 |
  3 | import { motion } from "framer-motion";
> 4 | import { database, barChart3, brain, checkCircle2 } from "lucide-react";
    | ^^^^^^^^^^^^^^^^^^^^^^^^^^^^^^^^^^^^^^^^^^^^^^^^^^^^^^^^^^^^^^^^^^^^^^^^
  5 | import type { LucideIcon } from "lucide-react";
  6 |
  7 | interface Step {

The export barChart3 was not found in module [project]/node_modules/lucide-react/dist/esm/lucide-react.mjs [app-ssr] (ecmascript).
Did you mean to import BarChart3?
All exports of the module are statically known (It doesn't have dynamic exports). So it's known statically that the requested export doesn't exist.

Import trace:
  Server Component:
    ./components/detection-pipeline.tsx
    ./app/page.tsx 
[browser] ./components/detection-pipeline.tsx:4:1
Error: Export brain doesn't exist in target module
  2 |
  3 | import { motion } from "framer-motion";
> 4 | import { database, barChart3, brain, checkCircle2 } from "lucide-react";
    | ^^^^^^^^^^^^^^^^^^^^^^^^^^^^^^^^^^^^^^^^^^^^^^^^^^^^^^^^^^^^^^^^^^^^^^^^
  5 | import type { LucideIcon } from "lucide-react";
  6 |
  7 | interface Step {

The export brain was not found in module [project]/node_modules/lucide-react/dist/esm/lucide-react.mjs [app-client] (ecmascript).
Did you mean to import Train?
All exports of the module are statically known (It doesn't have dynamic exports). So it's known statically that the requested export doesn't exist.

Import trace:
  Server Component:
    ./components/detection-pipeline.tsx
    ./app/page.tsx 
[browser] ./components/detection-pipeline.tsx:4:1
Error: Export brain doesn't exist in target module
  2 |
  3 | import { motion } from "framer-motion";
> 4 | import { database, barChart3, brain, checkCircle2 } from "lucide-react";
    | ^^^^^^^^^^^^^^^^^^^^^^^^^^^^^^^^^^^^^^^^^^^^^^^^^^^^^^^^^^^^^^^^^^^^^^^^
  5 | import type { LucideIcon } from "lucide-react";
  6 |
  7 | interface Step {

The export brain was not found in module [project]/node_modules/lucide-react/dist/esm/lucide-react.mjs [app-ssr] (ecmascript).
Did you mean to import Train?
All exports of the module are statically known (It doesn't have dynamic exports). So it's known statically that the requested export doesn't exist.

Import trace:
  Server Component:
    ./components/detection-pipeline.tsx
    ./app/page.tsx 
[browser] ./components/detection-pipeline.tsx:4:1
Error: Export checkCircle2 doesn't exist in target module
  2 |
  3 | import { motion } from "framer-motion";
> 4 | import { database, barChart3, brain, checkCircle2 } from "lucide-react";
    | ^^^^^^^^^^^^^^^^^^^^^^^^^^^^^^^^^^^^^^^^^^^^^^^^^^^^^^^^^^^^^^^^^^^^^^^^
  5 | import type { LucideIcon } from "lucide-react";
  6 |
  7 | interface Step {

The export checkCircle2 was not found in module [project]/node_modules/lucide-react/dist/esm/lucide-react.mjs [app-client] (ecmascript).
Did you mean to import CheckCircle2?
All exports of the module are statically known (It doesn't have dynamic exports). So it's known statically that the requested export doesn't exist.

Import trace:
  Server Component:
    ./components/detection-pipeline.tsx
    ./app/page.tsx 
[browser] ./components/detection-pipeline.tsx:4:1
Error: Export checkCircle2 doesn't exist in target module
  2 |
  3 | import { motion } from "framer-motion";
> 4 | import { database, barChart3, brain, checkCircle2 } from "lucide-react";
    | ^^^^^^^^^^^^^^^^^^^^^^^^^^^^^^^^^^^^^^^^^^^^^^^^^^^^^^^^^^^^^^^^^^^^^^^^
  5 | import type { LucideIcon } from "lucide-react";
  6 |
  7 | interface Step {

The export checkCircle2 was not found in module [project]/node_modules/lucide-react/dist/esm/lucide-react.mjs [app-ssr] (ecmascript).
Did you mean to import CheckCircle2?
All exports of the module are statically known (It doesn't have dynamic exports). So it's known statically that the requested export doesn't exist.

Import trace:
  Server Component:
    ./components/detection-pipeline.tsx
    ./app/page.tsx 
[browser] ./components/detection-pipeline.tsx:4:1
Error: Export database doesn't exist in target module
  2 |
  3 | import { motion } from "framer-motion";
> 4 | import { database, barChart3, brain, checkCircle2 } from "lucide-react";
    | ^^^^^^^^^^^^^^^^^^^^^^^^^^^^^^^^^^^^^^^^^^^^^^^^^^^^^^^^^^^^^^^^^^^^^^^^
  5 | import type { LucideIcon } from "lucide-react";
  6 |
  7 | interface Step {

The export database was not found in module [project]/node_modules/lucide-react/dist/esm/lucide-react.mjs [app-client] (ecmascript).
Did you mean to import Database?
All exports of the module are statically known (It doesn't have dynamic exports). So it's known statically that the requested export doesn't exist.

Import trace:
  Server Component:
    ./components/detection-pipeline.tsx
    ./app/page.tsx 
[browser] ./components/detection-pipeline.tsx:4:1
Error: Export database doesn't exist in target module
  2 |
  3 | import { motion } from "framer-motion";
> 4 | import { database, barChart3, brain, checkCircle2 } from "lucide-react";
    | ^^^^^^^^^^^^^^^^^^^^^^^^^^^^^^^^^^^^^^^^^^^^^^^^^^^^^^^^^^^^^^^^^^^^^^^^
  5 | import type { LucideIcon } from "lucide-react";
  6 |
  7 | interface Step {

The export database was not found in module [project]/node_modules/lucide-react/dist/esm/lucide-react.mjs [app-ssr] (ecmascript).
Did you mean to import Database?
All exports of the module are statically known (It doesn't have dynamic exports). So it's known statically that the requested export doesn't exist.

Import trace:
  Server Component:
    ./components/detection-pipeline.tsx
    ./app/page.tsx 
[browser] ./components/detection-pipeline.tsx:4:1
Error: Export barChart3 doesn't exist in target module
  2 |
  3 | import { motion } from "framer-motion";
> 4 | import { database, barChart3, brain, checkCircle2 } from "lucide-react";
    | ^^^^^^^^^^^^^^^^^^^^^^^^^^^^^^^^^^^^^^^^^^^^^^^^^^^^^^^^^^^^^^^^^^^^^^^^
  5 | import type { LucideIcon } from "lucide-react";
  6 |
  7 | interface Step {

The export barChart3 was not found in module [project]/node_modules/lucide-react/dist/esm/lucide-react.mjs [app-client] (ecmascript).
Did you mean to import BarChart3?
All exports of the module are statically known (It doesn't have dynamic exports). So it's known statically that the requested export doesn't exist.

Import trace:
  Server Component:
    ./components/detection-pipeline.tsx
    ./app/page.tsx 
[browser] ./components/detection-pipeline.tsx:4:1
Error: Export barChart3 doesn't exist in target module
  2 |
  3 | import { motion } from "framer-motion";
> 4 | import { database, barChart3, brain, checkCircle2 } from "lucide-react";
    | ^^^^^^^^^^^^^^^^^^^^^^^^^^^^^^^^^^^^^^^^^^^^^^^^^^^^^^^^^^^^^^^^^^^^^^^^
  5 | import type { LucideIcon } from "lucide-react";
  6 |
  7 | interface Step {

The export barChart3 was not found in module [project]/node_modules/lucide-react/dist/esm/lucide-react.mjs [app-ssr] (ecmascript).
Did you mean to import BarChart3?
All exports of the module are statically known (It doesn't have dynamic exports). So it's known statically that the requested export doesn't exist.

Import trace:
  Server Component:
    ./components/detection-pipeline.tsx
    ./app/page.tsx 
[browser] ./components/detection-pipeline.tsx:4:1
Error: Export brain doesn't exist in target module
  2 |
  3 | import { motion } from "framer-motion";
> 4 | import { database, barChart3, brain, checkCircle2 } from "lucide-react";
    | ^^^^^^^^^^^^^^^^^^^^^^^^^^^^^^^^^^^^^^^^^^^^^^^^^^^^^^^^^^^^^^^^^^^^^^^^
  5 | import type { LucideIcon } from "lucide-react";
  6 |
  7 | interface Step {

The export brain was not found in module [project]/node_modules/lucide-react/dist/esm/lucide-react.mjs [app-client] (ecmascript).
Did you mean to import Train?
All exports of the module are statically known (It doesn't have dynamic exports). So it's known statically that the requested export doesn't exist.

Import trace:
  Server Component:
    ./components/detection-pipeline.tsx
    ./app/page.tsx 
[browser] ./components/detection-pipeline.tsx:4:1
Error: Export brain doesn't exist in target module
  2 |
  3 | import { motion } from "framer-motion";
> 4 | import { database, barChart3, brain, checkCircle2 } from "lucide-react";
    | ^^^^^^^^^^^^^^^^^^^^^^^^^^^^^^^^^^^^^^^^^^^^^^^^^^^^^^^^^^^^^^^^^^^^^^^^
  5 | import type { LucideIcon } from "lucide-react";
  6 |
  7 | interface Step {

The export brain was not found in module [project]/node_modules/lucide-react/dist/esm/lucide-react.mjs [app-ssr] (ecmascript).
Did you mean to import Train?
All exports of the module are statically known (It doesn't have dynamic exports). So it's known statically that the requested export doesn't exist.

Import trace:
  Server Component:
    ./components/detection-pipeline.tsx
    ./app/page.tsx 
[browser] ./components/detection-pipeline.tsx:4:1
Error: Export checkCircle2 doesn't exist in target module
  2 |
  3 | import { motion } from "framer-motion";
> 4 | import { database, barChart3, brain, checkCircle2 } from "lucide-react";
    | ^^^^^^^^^^^^^^^^^^^^^^^^^^^^^^^^^^^^^^^^^^^^^^^^^^^^^^^^^^^^^^^^^^^^^^^^
  5 | import type { LucideIcon } from "lucide-react";
  6 |
  7 | interface Step {

The export checkCircle2 was not found in module [project]/node_modules/lucide-react/dist/esm/lucide-react.mjs [app-client] (ecmascript).
Did you mean to import CheckCircle2?
All exports of the module are statically known (It doesn't have dynamic exports). So it's known statically that the requested export doesn't exist.

Import trace:
  Server Component:
    ./components/detection-pipeline.tsx
    ./app/page.tsx 
[browser] ./components/detection-pipeline.tsx:4:1
Error: Export checkCircle2 doesn't exist in target module
  2 |
  3 | import { motion } from "framer-motion";
> 4 | import { database, barChart3, brain, checkCircle2 } from "lucide-react";
    | ^^^^^^^^^^^^^^^^^^^^^^^^^^^^^^^^^^^^^^^^^^^^^^^^^^^^^^^^^^^^^^^^^^^^^^^^
  5 | import type { LucideIcon } from "lucide-react";
  6 |
  7 | interface Step {

The export checkCircle2 was not found in module [project]/node_modules/lucide-react/dist/esm/lucide-react.mjs [app-ssr] (ecmascript).
Did you mean to import CheckCircle2?
All exports of the module are statically known (It doesn't have dynamic exports). So it's known statically that the requested export doesn't exist.

Import trace:
  Server Component:
    ./components/detection-pipeline.tsx
    ./app/page.tsx 
[browser] ./components/detection-pipeline.tsx:4:1
Error: Export database doesn't exist in target module
  2 |
  3 | import { motion } from "framer-motion";
> 4 | import { database, barChart3, brain, checkCircle2 } from "lucide-react";
    | ^^^^^^^^^^^^^^^^^^^^^^^^^^^^^^^^^^^^^^^^^^^^^^^^^^^^^^^^^^^^^^^^^^^^^^^^
  5 | import type { LucideIcon } from "lucide-react";
  6 |
  7 | interface Step {

The export database was not found in module [project]/node_modules/lucide-react/dist/esm/lucide-react.mjs [app-client] (ecmascript).
Did you mean to import Database?
All exports of the module are statically known (It doesn't have dynamic exports). So it's known statically that the requested export doesn't exist.

Import trace:
  Server Component:
    ./components/detection-pipeline.tsx
    ./app/page.tsx 
[browser] ./components/detection-pipeline.tsx:4:1
Error: Export database doesn't exist in target module
  2 |
  3 | import { motion } from "framer-motion";
> 4 | import { database, barChart3, brain, checkCircle2 } from "lucide-react";
    | ^^^^^^^^^^^^^^^^^^^^^^^^^^^^^^^^^^^^^^^^^^^^^^^^^^^^^^^^^^^^^^^^^^^^^^^^
  5 | import type { LucideIcon } from "lucide-react";
  6 |
  7 | interface Step {

The export database was not found in module [project]/node_modules/lucide-react/dist/esm/lucide-react.mjs [app-ssr] (ecmascript).
Did you mean to import Database?
All exports of the module are statically known (It doesn't have dynamic exports). So it's known statically that the requested export doesn't exist.

Import trace:
  Server Component:
    ./components/detection-pipeline.tsx
    ./app/page.tsx 
[browser] ./components/detection-pipeline.tsx:4:1
Error: Export barChart3 doesn't exist in target module
  2 |
  3 | import { motion } from "framer-motion";
> 4 | import { database, barChart3, brain, checkCircle2 } from "lucide-react";
    | ^^^^^^^^^^^^^^^^^^^^^^^^^^^^^^^^^^^^^^^^^^^^^^^^^^^^^^^^^^^^^^^^^^^^^^^^
  5 | import type { LucideIcon } from "lucide-react";
  6 |
  7 | interface Step {

The export barChart3 was not found in module [project]/node_modules/lucide-react/dist/esm/lucide-react.mjs [app-client] (ecmascript).
Did you mean to import BarChart3?
All exports of the module are statically known (It doesn't have dynamic exports). So it's known statically that the requested export doesn't exist.

Import trace:
  Server Component:
    ./components/detection-pipeline.tsx
    ./app/page.tsx 
[browser] ./components/detection-pipeline.tsx:4:1
Error: Export barChart3 doesn't exist in target module
  2 |
  3 | import { motion } from "framer-motion";
> 4 | import { database, barChart3, brain, checkCircle2 } from "lucide-react";
    | ^^^^^^^^^^^^^^^^^^^^^^^^^^^^^^^^^^^^^^^^^^^^^^^^^^^^^^^^^^^^^^^^^^^^^^^^
  5 | import type { LucideIcon } from "lucide-react";
  6 |
  7 | interface Step {

The export barChart3 was not found in module [project]/node_modules/lucide-react/dist/esm/lucide-react.mjs [app-ssr] (ecmascript).
Did you mean to import BarChart3?
All exports of the module are statically known (It doesn't have dynamic exports). So it's known statically that the requested export doesn't exist.

Import trace:
  Server Component:
    ./components/detection-pipeline.tsx
    ./app/page.tsx 
[browser] ./components/detection-pipeline.tsx:4:1
Error: Export brain doesn't exist in target module
  2 |
  3 | import { motion } from "framer-motion";
> 4 | import { database, barChart3, brain, checkCircle2 } from "lucide-react";
    | ^^^^^^^^^^^^^^^^^^^^^^^^^^^^^^^^^^^^^^^^^^^^^^^^^^^^^^^^^^^^^^^^^^^^^^^^
  5 | import type { LucideIcon } from "lucide-react";
  6 |
  7 | interface Step {

The export brain was not found in module [project]/node_modules/lucide-react/dist/esm/lucide-react.mjs [app-client] (ecmascript).
Did you mean to import Train?
All exports of the module are statically known (It doesn't have dynamic exports). So it's known statically that the requested export doesn't exist.

Import trace:
  Server Component:
    ./components/detection-pipeline.tsx
    ./app/page.tsx 
[browser] ./components/detection-pipeline.tsx:4:1
Error: Export brain doesn't exist in target module
  2 |
  3 | import { motion } from "framer-motion";
> 4 | import { database, barChart3, brain, checkCircle2 } from "lucide-react";
    | ^^^^^^^^^^^^^^^^^^^^^^^^^^^^^^^^^^^^^^^^^^^^^^^^^^^^^^^^^^^^^^^^^^^^^^^^
  5 | import type { LucideIcon } from "lucide-react";
  6 |
  7 | interface Step {

The export brain was not found in module [project]/node_modules/lucide-react/dist/esm/lucide-react.mjs [app-ssr] (ecmascript).
Did you mean to import Train?
All exports of the module are statically known (It doesn't have dynamic exports). So it's known statically that the requested export doesn't exist.

Import trace:
  Server Component:
    ./components/detection-pipeline.tsx
    ./app/page.tsx 
[browser] ./components/detection-pipeline.tsx:4:1
Error: Export checkCircle2 doesn't exist in target module
  2 |
  3 | import { motion } from "framer-motion";
> 4 | import { database, barChart3, brain, checkCircle2 } from "lucide-react";
    | ^^^^^^^^^^^^^^^^^^^^^^^^^^^^^^^^^^^^^^^^^^^^^^^^^^^^^^^^^^^^^^^^^^^^^^^^
  5 | import type { LucideIcon } from "lucide-react";
  6 |
  7 | interface Step {

The export checkCircle2 was not found in module [project]/node_modules/lucide-react/dist/esm/lucide-react.mjs [app-client] (ecmascript).
Did you mean to import CheckCircle2?
All exports of the module are statically known (It doesn't have dynamic exports). So it's known statically that the requested export doesn't exist.

Import trace:
  Server Component:
    ./components/detection-pipeline.tsx
    ./app/page.tsx 
[browser] ./components/detection-pipeline.tsx:4:1
Error: Export checkCircle2 doesn't exist in target module
  2 |
  3 | import { motion } from "framer-motion";
> 4 | import { database, barChart3, brain, checkCircle2 } from "lucide-react";
    | ^^^^^^^^^^^^^^^^^^^^^^^^^^^^^^^^^^^^^^^^^^^^^^^^^^^^^^^^^^^^^^^^^^^^^^^^
  5 | import type { LucideIcon } from "lucide-react";
  6 |
  7 | interface Step {

The export checkCircle2 was not found in module [project]/node_modules/lucide-react/dist/esm/lucide-react.mjs [app-ssr] (ecmascript).
Did you mean to import CheckCircle2?
All exports of the module are statically known (It doesn't have dynamic exports). So it's known statically that the requested export doesn't exist.

Import trace:
  Server Component:
    ./components/detection-pipeline.tsx
    ./app/page.tsx 
[browser] ./components/detection-pipeline.tsx:4:1
Error: Export database doesn't exist in target module
  2 |
  3 | import { motion } from "framer-motion";
> 4 | import { database, barChart3, brain, checkCircle2 } from "lucide-react";
    | ^^^^^^^^^^^^^^^^^^^^^^^^^^^^^^^^^^^^^^^^^^^^^^^^^^^^^^^^^^^^^^^^^^^^^^^^
  5 | import type { LucideIcon } from "lucide-react";
  6 |
  7 | interface Step {

The export database was not found in module [project]/node_modules/lucide-react/dist/esm/lucide-react.mjs [app-client] (ecmascript).
Did you mean to import Database?
All exports of the module are statically known (It doesn't have dynamic exports). So it's known statically that the requested export doesn't exist.

Import trace:
  Server Component:
    ./components/detection-pipeline.tsx
    ./app/page.tsx 
[browser] ./components/detection-pipeline.tsx:4:1
Error: Export database doesn't exist in target module
  2 |
  3 | import { motion } from "framer-motion";
> 4 | import { database, barChart3, brain, checkCircle2 } from "lucide-react";
    | ^^^^^^^^^^^^^^^^^^^^^^^^^^^^^^^^^^^^^^^^^^^^^^^^^^^^^^^^^^^^^^^^^^^^^^^^
  5 | import type { LucideIcon } from "lucide-react";
  6 |
  7 | interface Step {

The export database was not found in module [project]/node_modules/lucide-react/dist/esm/lucide-react.mjs [app-ssr] (ecmascript).
Did you mean to import Database?
All exports of the module are statically known (It doesn't have dynamic exports). So it's known statically that the requested export doesn't exist.

Import trace:
  Server Component:
    ./components/detection-pipeline.tsx
    ./app/page.tsx 
[browser] ./components/detection-pipeline.tsx:4:1
Error: Export barChart3 doesn't exist in target module
  2 |
  3 | import { motion } from "framer-motion";
> 4 | import { database, barChart3, brain, checkCircle2 } from "lucide-react";
    | ^^^^^^^^^^^^^^^^^^^^^^^^^^^^^^^^^^^^^^^^^^^^^^^^^^^^^^^^^^^^^^^^^^^^^^^^
  5 | import type { LucideIcon } from "lucide-react";
  6 |
  7 | interface Step {

The export barChart3 was not found in module [project]/node_modules/lucide-react/dist/esm/lucide-react.mjs [app-client] (ecmascript).
Did you mean to import BarChart3?
All exports of the module are statically known (It doesn't have dynamic exports). So it's known statically that the requested export doesn't exist.

Import trace:
  Server Component:
    ./components/detection-pipeline.tsx
    ./app/page.tsx 
[browser] ./components/detection-pipeline.tsx:4:1
Error: Export barChart3 doesn't exist in target module
  2 |
  3 | import { motion } from "framer-motion";
> 4 | import { database, barChart3, brain, checkCircle2 } from "lucide-react";
    | ^^^^^^^^^^^^^^^^^^^^^^^^^^^^^^^^^^^^^^^^^^^^^^^^^^^^^^^^^^^^^^^^^^^^^^^^
  5 | import type { LucideIcon } from "lucide-react";
  6 |
  7 | interface Step {

The export barChart3 was not found in module [project]/node_modules/lucide-react/dist/esm/lucide-react.mjs [app-ssr] (ecmascript).
Did you mean to import BarChart3?
All exports of the module are statically known (It doesn't have dynamic exports). So it's known statically that the requested export doesn't exist.

Import trace:
  Server Component:
    ./components/detection-pipeline.tsx
    ./app/page.tsx 
[browser] ./components/detection-pipeline.tsx:4:1
Error: Export brain doesn't exist in target module
  2 |
  3 | import { motion } from "framer-motion";
> 4 | import { database, barChart3, brain, checkCircle2 } from "lucide-react";
    | ^^^^^^^^^^^^^^^^^^^^^^^^^^^^^^^^^^^^^^^^^^^^^^^^^^^^^^^^^^^^^^^^^^^^^^^^
  5 | import type { LucideIcon } from "lucide-react";
  6 |
  7 | interface Step {

The export brain was not found in module [project]/node_modules/lucide-react/dist/esm/lucide-react.mjs [app-client] (ecmascript).
Did you mean to import Train?
All exports of the module are statically known (It doesn't have dynamic exports). So it's known statically that the requested export doesn't exist.

Import trace:
  Server Component:
    ./components/detection-pipeline.tsx
    ./app/page.tsx 
[browser] ./components/detection-pipeline.tsx:4:1
Error: Export brain doesn't exist in target module
  2 |
  3 | import { motion } from "framer-motion";
> 4 | import { database, barChart3, brain, checkCircle2 } from "lucide-react";
    | ^^^^^^^^^^^^^^^^^^^^^^^^^^^^^^^^^^^^^^^^^^^^^^^^^^^^^^^^^^^^^^^^^^^^^^^^
  5 | import type { LucideIcon } from "lucide-react";
  6 |
  7 | interface Step {

The export brain was not found in module [project]/node_modules/lucide-react/dist/esm/lucide-react.mjs [app-ssr] (ecmascript).
Did you mean to import Train?
All exports of the module are statically known (It doesn't have dynamic exports). So it's known statically that the requested export doesn't exist.

Import trace:
  Server Component:
    ./components/detection-pipeline.tsx
    ./app/page.tsx 
[browser] ./components/detection-pipeline.tsx:4:1
Error: Export checkCircle2 doesn't exist in target module
  2 |
  3 | import { motion } from "framer-motion";
> 4 | import { database, barChart3, brain, checkCircle2 } from "lucide-react";
    | ^^^^^^^^^^^^^^^^^^^^^^^^^^^^^^^^^^^^^^^^^^^^^^^^^^^^^^^^^^^^^^^^^^^^^^^^
  5 | import type { LucideIcon } from "lucide-react";
  6 |
  7 | interface Step {

The export checkCircle2 was not found in module [project]/node_modules/lucide-react/dist/esm/lucide-react.mjs [app-client] (ecmascript).
Did you mean to import CheckCircle2?
All exports of the module are statically known (It doesn't have dynamic exports). So it's known statically that the requested export doesn't exist.

Import trace:
  Server Component:
    ./components/detection-pipeline.tsx
    ./app/page.tsx 
[browser] ./components/detection-pipeline.tsx:4:1
Error: Export checkCircle2 doesn't exist in target module
  2 |
  3 | import { motion } from "framer-motion";
> 4 | import { database, barChart3, brain, checkCircle2 } from "lucide-react";
    | ^^^^^^^^^^^^^^^^^^^^^^^^^^^^^^^^^^^^^^^^^^^^^^^^^^^^^^^^^^^^^^^^^^^^^^^^
  5 | import type { LucideIcon } from "lucide-react";
  6 |
  7 | interface Step {

The export checkCircle2 was not found in module [project]/node_modules/lucide-react/dist/esm/lucide-react.mjs [app-ssr] (ecmascript).
Did you mean to import CheckCircle2?
All exports of the module are statically known (It doesn't have dynamic exports). So it's known statically that the requested export doesn't exist.

Import trace:
  Server Component:
    ./components/detection-pipeline.tsx
    ./app/page.tsx 
[browser] ./components/detection-pipeline.tsx:4:1
Error: Export database doesn't exist in target module
  2 |
  3 | import { motion } from "framer-motion";
> 4 | import { database, barChart3, brain, checkCircle2 } from "lucide-react";
    | ^^^^^^^^^^^^^^^^^^^^^^^^^^^^^^^^^^^^^^^^^^^^^^^^^^^^^^^^^^^^^^^^^^^^^^^^
  5 | import type { LucideIcon } from "lucide-react";
  6 |
  7 | interface Step {

The export database was not found in module [project]/node_modules/lucide-react/dist/esm/lucide-react.mjs [app-client] (ecmascript).
Did you mean to import Database?
All exports of the module are statically known (It doesn't have dynamic exports). So it's known statically that the requested export doesn't exist.

Import trace:
  Server Component:
    ./components/detection-pipeline.tsx
    ./app/page.tsx 
[browser] ./components/detection-pipeline.tsx:4:1
Error: Export database doesn't exist in target module
  2 |
  3 | import { motion } from "framer-motion";
> 4 | import { database, barChart3, brain, checkCircle2 } from "lucide-react";
    | ^^^^^^^^^^^^^^^^^^^^^^^^^^^^^^^^^^^^^^^^^^^^^^^^^^^^^^^^^^^^^^^^^^^^^^^^
  5 | import type { LucideIcon } from "lucide-react";
  6 |
  7 | interface Step {

The export database was not found in module [project]/node_modules/lucide-react/dist/esm/lucide-react.mjs [app-ssr] (ecmascript).
Did you mean to import Database?
All exports of the module are statically known (It doesn't have dynamic exports). So it's known statically that the requested export doesn't exist.

Import trace:
  Server Component:
    ./components/detection-pipeline.tsx
    ./app/page.tsx 
[browser] ./components/detection-pipeline.tsx:4:1
Error: Export barChart3 doesn't exist in target module
  2 |
  3 | import { motion } from "framer-motion";
> 4 | import { database, barChart3, brain, checkCircle2 } from "lucide-react";
    | ^^^^^^^^^^^^^^^^^^^^^^^^^^^^^^^^^^^^^^^^^^^^^^^^^^^^^^^^^^^^^^^^^^^^^^^^
  5 | import type { LucideIcon } from "lucide-react";
  6 |
  7 | interface Step {

The export barChart3 was not found in module [project]/node_modules/lucide-react/dist/esm/lucide-react.mjs [app-client] (ecmascript).
Did you mean to import BarChart3?
All exports of the module are statically known (It doesn't have dynamic exports). So it's known statically that the requested export doesn't exist.

Import trace:
  Server Component:
    ./components/detection-pipeline.tsx
    ./app/page.tsx 
[browser] ./components/detection-pipeline.tsx:4:1
Error: Export barChart3 doesn't exist in target module
  2 |
  3 | import { motion } from "framer-motion";
> 4 | import { database, barChart3, brain, checkCircle2 } from "lucide-react";
    | ^^^^^^^^^^^^^^^^^^^^^^^^^^^^^^^^^^^^^^^^^^^^^^^^^^^^^^^^^^^^^^^^^^^^^^^^
  5 | import type { LucideIcon } from "lucide-react";
  6 |
  7 | interface Step {

The export barChart3 was not found in module [project]/node_modules/lucide-react/dist/esm/lucide-react.mjs [app-ssr] (ecmascript).
Did you mean to import BarChart3?
All exports of the module are statically known (It doesn't have dynamic exports). So it's known statically that the requested export doesn't exist.

Import trace:
  Server Component:
    ./components/detection-pipeline.tsx
    ./app/page.tsx 
[browser] ./components/detection-pipeline.tsx:4:1
Error: Export brain doesn't exist in target module
  2 |
  3 | import { motion } from "framer-motion";
> 4 | import { database, barChart3, brain, checkCircle2 } from "lucide-react";
    | ^^^^^^^^^^^^^^^^^^^^^^^^^^^^^^^^^^^^^^^^^^^^^^^^^^^^^^^^^^^^^^^^^^^^^^^^
  5 | import type { LucideIcon } from "lucide-react";
  6 |
  7 | interface Step {

The export brain was not found in module [project]/node_modules/lucide-react/dist/esm/lucide-react.mjs [app-client] (ecmascript).
Did you mean to import Train?
All exports of the module are statically known (It doesn't have dynamic exports). So it's known statically that the requested export doesn't exist.

Import trace:
  Server Component:
    ./components/detection-pipeline.tsx
    ./app/page.tsx 
[browser] ./components/detection-pipeline.tsx:4:1
Error: Export brain doesn't exist in target module
  2 |
  3 | import { motion } from "framer-motion";
> 4 | import { database, barChart3, brain, checkCircle2 } from "lucide-react";
    | ^^^^^^^^^^^^^^^^^^^^^^^^^^^^^^^^^^^^^^^^^^^^^^^^^^^^^^^^^^^^^^^^^^^^^^^^
  5 | import type { LucideIcon } from "lucide-react";
  6 |
  7 | interface Step {

The export brain was not found in module [project]/node_modules/lucide-react/dist/esm/lucide-react.mjs [app-ssr] (ecmascript).
Did you mean to import Train?
All exports of the module are statically known (It doesn't have dynamic exports). So it's known statically that the requested export doesn't exist.

Import trace:
  Server Component:
    ./components/detection-pipeline.tsx
    ./app/page.tsx 
[browser] ./components/detection-pipeline.tsx:4:1
Error: Export checkCircle2 doesn't exist in target module
  2 |
  3 | import { motion } from "framer-motion";
> 4 | import { database, barChart3, brain, checkCircle2 } from "lucide-react";
    | ^^^^^^^^^^^^^^^^^^^^^^^^^^^^^^^^^^^^^^^^^^^^^^^^^^^^^^^^^^^^^^^^^^^^^^^^
  5 | import type { LucideIcon } from "lucide-react";
  6 |
  7 | interface Step {

The export checkCircle2 was not found in module [project]/node_modules/lucide-react/dist/esm/lucide-react.mjs [app-client] (ecmascript).
Did you mean to import CheckCircle2?
All exports of the module are statically known (It doesn't have dynamic exports). So it's known statically that the requested export doesn't exist.

Import trace:
  Server Component:
    ./components/detection-pipeline.tsx
    ./app/page.tsx 
[browser] ./components/detection-pipeline.tsx:4:1
Error: Export checkCircle2 doesn't exist in target module
  2 |
  3 | import { motion } from "framer-motion";
> 4 | import { database, barChart3, brain, checkCircle2 } from "lucide-react";
    | ^^^^^^^^^^^^^^^^^^^^^^^^^^^^^^^^^^^^^^^^^^^^^^^^^^^^^^^^^^^^^^^^^^^^^^^^
  5 | import type { LucideIcon } from "lucide-react";
  6 |
  7 | interface Step {

The export checkCircle2 was not found in module [project]/node_modules/lucide-react/dist/esm/lucide-react.mjs [app-ssr] (ecmascript).
Did you mean to import CheckCircle2?
All exports of the module are statically known (It doesn't have dynamic exports). So it's known statically that the requested export doesn't exist.

Import trace:
  Server Component:
    ./components/detection-pipeline.tsx
    ./app/page.tsx 
[browser] ./components/detection-pipeline.tsx:4:1
Error: Export database doesn't exist in target module
  2 |
  3 | import { motion } from "framer-motion";
> 4 | import { database, barChart3, brain, checkCircle2 } from "lucide-react";
    | ^^^^^^^^^^^^^^^^^^^^^^^^^^^^^^^^^^^^^^^^^^^^^^^^^^^^^^^^^^^^^^^^^^^^^^^^
  5 | import type { LucideIcon } from "lucide-react";
  6 |
  7 | interface Step {

The export database was not found in module [project]/node_modules/lucide-react/dist/esm/lucide-react.mjs [app-client] (ecmascript).
Did you mean to import Database?
All exports of the module are statically known (It doesn't have dynamic exports). So it's known statically that the requested export doesn't exist.

Import trace:
  Server Component:
    ./components/detection-pipeline.tsx
    ./app/page.tsx 
[browser] ./components/detection-pipeline.tsx:4:1
Error: Export database doesn't exist in target module
  2 |
  3 | import { motion } from "framer-motion";
> 4 | import { database, barChart3, brain, checkCircle2 } from "lucide-react";
    | ^^^^^^^^^^^^^^^^^^^^^^^^^^^^^^^^^^^^^^^^^^^^^^^^^^^^^^^^^^^^^^^^^^^^^^^^
  5 | import type { LucideIcon } from "lucide-react";
  6 |
  7 | interface Step {

The export database was not found in module [project]/node_modules/lucide-react/dist/esm/lucide-react.mjs [app-ssr] (ecmascript).
Did you mean to import Database?
All exports of the module are statically known (It doesn't have dynamic exports). So it's known statically that the requested export doesn't exist.

Import trace:
  Server Component:
    ./components/detection-pipeline.tsx
    ./app/page.tsx 
[browser] ./components/detection-pipeline.tsx:4:1
Error: Export barChart3 doesn't exist in target module
  2 |
  3 | import { motion } from "framer-motion";
> 4 | import { database, barChart3, brain, checkCircle2 } from "lucide-react";
    | ^^^^^^^^^^^^^^^^^^^^^^^^^^^^^^^^^^^^^^^^^^^^^^^^^^^^^^^^^^^^^^^^^^^^^^^^
  5 | import type { LucideIcon } from "lucide-react";
  6 |
  7 | interface Step {

The export barChart3 was not found in module [project]/node_modules/lucide-react/dist/esm/lucide-react.mjs [app-client] (ecmascript).
Did you mean to import BarChart3?
All exports of the module are statically known (It doesn't have dynamic exports). So it's known statically that the requested export doesn't exist.

Import trace:
  Server Component:
    ./components/detection-pipeline.tsx
    ./app/page.tsx 
[browser] ./components/detection-pipeline.tsx:4:1
Error: Export barChart3 doesn't exist in target module
  2 |
  3 | import { motion } from "framer-motion";
> 4 | import { database, barChart3, brain, checkCircle2 } from "lucide-react";
    | ^^^^^^^^^^^^^^^^^^^^^^^^^^^^^^^^^^^^^^^^^^^^^^^^^^^^^^^^^^^^^^^^^^^^^^^^
  5 | import type { LucideIcon } from "lucide-react";
  6 |
  7 | interface Step {

The export barChart3 was not found in module [project]/node_modules/lucide-react/dist/esm/lucide-react.mjs [app-ssr] (ecmascript).
Did you mean to import BarChart3?
All exports of the module are statically known (It doesn't have dynamic exports). So it's known statically that the requested export doesn't exist.

Import trace:
  Server Component:
    ./components/detection-pipeline.tsx
    ./app/page.tsx 
[browser] ./components/detection-pipeline.tsx:4:1
Error: Export brain doesn't exist in target module
  2 |
  3 | import { motion } from "framer-motion";
> 4 | import { database, barChart3, brain, checkCircle2 } from "lucide-react";
    | ^^^^^^^^^^^^^^^^^^^^^^^^^^^^^^^^^^^^^^^^^^^^^^^^^^^^^^^^^^^^^^^^^^^^^^^^
  5 | import type { LucideIcon } from "lucide-react";
  6 |
  7 | interface Step {

The export brain was not found in module [project]/node_modules/lucide-react/dist/esm/lucide-react.mjs [app-client] (ecmascript).
Did you mean to import Train?
All exports of the module are statically known (It doesn't have dynamic exports). So it's known statically that the requested export doesn't exist.

Import trace:
  Server Component:
    ./components/detection-pipeline.tsx
    ./app/page.tsx 
[browser] ./components/detection-pipeline.tsx:4:1
Error: Export brain doesn't exist in target module
  2 |
  3 | import { motion } from "framer-motion";
> 4 | import { database, barChart3, brain, checkCircle2 } from "lucide-react";
    | ^^^^^^^^^^^^^^^^^^^^^^^^^^^^^^^^^^^^^^^^^^^^^^^^^^^^^^^^^^^^^^^^^^^^^^^^
  5 | import type { LucideIcon } from "lucide-react";
  6 |
  7 | interface Step {

The export brain was not found in module [project]/node_modules/lucide-react/dist/esm/lucide-react.mjs [app-ssr] (ecmascript).
Did you mean to import Train?
All exports of the module are statically known (It doesn't have dynamic exports). So it's known statically that the requested export doesn't exist.

Import trace:
  Server Component:
    ./components/detection-pipeline.tsx
    ./app/page.tsx 
[browser] ./components/detection-pipeline.tsx:4:1
Error: Export checkCircle2 doesn't exist in target module
  2 |
  3 | import { motion } from "framer-motion";
> 4 | import { database, barChart3, brain, checkCircle2 } from "lucide-react";
    | ^^^^^^^^^^^^^^^^^^^^^^^^^^^^^^^^^^^^^^^^^^^^^^^^^^^^^^^^^^^^^^^^^^^^^^^^
  5 | import type { LucideIcon } from "lucide-react";
  6 |
  7 | interface Step {

The export checkCircle2 was not found in module [project]/node_modules/lucide-react/dist/esm/lucide-react.mjs [app-client] (ecmascript).
Did you mean to import CheckCircle2?
All exports of the module are statically known (It doesn't have dynamic exports). So it's known statically that the requested export doesn't exist.

Import trace:
  Server Component:
    ./components/detection-pipeline.tsx
    ./app/page.tsx 
[browser] ./components/detection-pipeline.tsx:4:1
Error: Export checkCircle2 doesn't exist in target module
  2 |
  3 | import { motion } from "framer-motion";
> 4 | import { database, barChart3, brain, checkCircle2 } from "lucide-react";
    | ^^^^^^^^^^^^^^^^^^^^^^^^^^^^^^^^^^^^^^^^^^^^^^^^^^^^^^^^^^^^^^^^^^^^^^^^
  5 | import type { LucideIcon } from "lucide-react";
  6 |
  7 | interface Step {

The export checkCircle2 was not found in module [project]/node_modules/lucide-react/dist/esm/lucide-react.mjs [app-ssr] (ecmascript).
Did you mean to import CheckCircle2?
All exports of the module are statically known (It doesn't have dynamic exports). So it's known statically that the requested export doesn't exist.

Import trace:
  Server Component:
    ./components/detection-pipeline.tsx
    ./app/page.tsx 
[browser] ./components/detection-pipeline.tsx:4:1
Error: Export database doesn't exist in target module
  2 |
  3 | import { motion } from "framer-motion";
> 4 | import { database, barChart3, brain, checkCircle2 } from "lucide-react";
    | ^^^^^^^^^^^^^^^^^^^^^^^^^^^^^^^^^^^^^^^^^^^^^^^^^^^^^^^^^^^^^^^^^^^^^^^^
  5 | import type { LucideIcon } from "lucide-react";
  6 |
  7 | interface Step {

The export database was not found in module [project]/node_modules/lucide-react/dist/esm/lucide-react.mjs [app-client] (ecmascript).
Did you mean to import Database?
All exports of the module are statically known (It doesn't have dynamic exports). So it's known statically that the requested export doesn't exist.

Import trace:
  Server Component:
    ./components/detection-pipeline.tsx
    ./app/page.tsx 
[browser] ./components/detection-pipeline.tsx:4:1
Error: Export database doesn't exist in target module
  2 |
  3 | import { motion } from "framer-motion";
> 4 | import { database, barChart3, brain, checkCircle2 } from "lucide-react";
    | ^^^^^^^^^^^^^^^^^^^^^^^^^^^^^^^^^^^^^^^^^^^^^^^^^^^^^^^^^^^^^^^^^^^^^^^^
  5 | import type { LucideIcon } from "lucide-react";
  6 |
  7 | interface Step {

The export database was not found in module [project]/node_modules/lucide-react/dist/esm/lucide-react.mjs [app-ssr] (ecmascript).
Did you mean to import Database?
All exports of the module are statically known (It doesn't have dynamic exports). So it's known statically that the requested export doesn't exist.

Import trace:
  Server Component:
    ./components/detection-pipeline.tsx
    ./app/page.tsx 
[browser] ./components/detection-pipeline.tsx:4:1
Error: Export barChart3 doesn't exist in target module
  2 |
  3 | import { motion } from "framer-motion";
> 4 | import { database, barChart3, brain, checkCircle2 } from "lucide-react";
    | ^^^^^^^^^^^^^^^^^^^^^^^^^^^^^^^^^^^^^^^^^^^^^^^^^^^^^^^^^^^^^^^^^^^^^^^^
  5 | import type { LucideIcon } from "lucide-react";
  6 |
  7 | interface Step {

The export barChart3 was not found in module [project]/node_modules/lucide-react/dist/esm/lucide-react.mjs [app-client] (ecmascript).
Did you mean to import BarChart3?
All exports of the module are statically known (It doesn't have dynamic exports). So it's known statically that the requested export doesn't exist.

Import trace:
  Server Component:
    ./components/detection-pipeline.tsx
    ./app/page.tsx 
[browser] ./components/detection-pipeline.tsx:4:1
Error: Export barChart3 doesn't exist in target module
  2 |
  3 | import { motion } from "framer-motion";
> 4 | import { database, barChart3, brain, checkCircle2 } from "lucide-react";
    | ^^^^^^^^^^^^^^^^^^^^^^^^^^^^^^^^^^^^^^^^^^^^^^^^^^^^^^^^^^^^^^^^^^^^^^^^
  5 | import type { LucideIcon } from "lucide-react";
  6 |
  7 | interface Step {

The export barChart3 was not found in module [project]/node_modules/lucide-react/dist/esm/lucide-react.mjs [app-ssr] (ecmascript).
Did you mean to import BarChart3?
All exports of the module are statically known (It doesn't have dynamic exports). So it's known statically that the requested export doesn't exist.

Import trace:
  Server Component:
    ./components/detection-pipeline.tsx
    ./app/page.tsx 
[browser] ./components/detection-pipeline.tsx:4:1
Error: Export brain doesn't exist in target module
  2 |
  3 | import { motion } from "framer-motion";
> 4 | import { database, barChart3, brain, checkCircle2 } from "lucide-react";
    | ^^^^^^^^^^^^^^^^^^^^^^^^^^^^^^^^^^^^^^^^^^^^^^^^^^^^^^^^^^^^^^^^^^^^^^^^
  5 | import type { LucideIcon } from "lucide-react";
  6 |
  7 | interface Step {

The export brain was not found in module [project]/node_modules/lucide-react/dist/esm/lucide-react.mjs [app-client] (ecmascript).
Did you mean to import Train?
All exports of the module are statically known (It doesn't have dynamic exports). So it's known statically that the requested export doesn't exist.

Import trace:
  Server Component:
    ./components/detection-pipeline.tsx
    ./app/page.tsx 
[browser] ./components/detection-pipeline.tsx:4:1
Error: Export brain doesn't exist in target module
  2 |
  3 | import { motion } from "framer-motion";
> 4 | import { database, barChart3, brain, checkCircle2 } from "lucide-react";
    | ^^^^^^^^^^^^^^^^^^^^^^^^^^^^^^^^^^^^^^^^^^^^^^^^^^^^^^^^^^^^^^^^^^^^^^^^
  5 | import type { LucideIcon } from "lucide-react";
  6 |
  7 | interface Step {

The export brain was not found in module [project]/node_modules/lucide-react/dist/esm/lucide-react.mjs [app-ssr] (ecmascript).
Did you mean to import Train?
All exports of the module are statically known (It doesn't have dynamic exports). So it's known statically that the requested export doesn't exist.

Import trace:
  Server Component:
    ./components/detection-pipeline.tsx
    ./app/page.tsx 
[browser] ./components/detection-pipeline.tsx:4:1
Error: Export checkCircle2 doesn't exist in target module
  2 |
  3 | import { motion } from "framer-motion";
> 4 | import { database, barChart3, brain, checkCircle2 } from "lucide-react";
    | ^^^^^^^^^^^^^^^^^^^^^^^^^^^^^^^^^^^^^^^^^^^^^^^^^^^^^^^^^^^^^^^^^^^^^^^^
  5 | import type { LucideIcon } from "lucide-react";
  6 |
  7 | interface Step {

The export checkCircle2 was not found in module [project]/node_modules/lucide-react/dist/esm/lucide-react.mjs [app-client] (ecmascript).
Did you mean to import CheckCircle2?
All exports of the module are statically known (It doesn't have dynamic exports). So it's known statically that the requested export doesn't exist.

Import trace:
  Server Component:
    ./components/detection-pipeline.tsx
    ./app/page.tsx 
[browser] ./components/detection-pipeline.tsx:4:1
Error: Export checkCircle2 doesn't exist in target module
  2 |
  3 | import { motion } from "framer-motion";
> 4 | import { database, barChart3, brain, checkCircle2 } from "lucide-react";
    | ^^^^^^^^^^^^^^^^^^^^^^^^^^^^^^^^^^^^^^^^^^^^^^^^^^^^^^^^^^^^^^^^^^^^^^^^
  5 | import type { LucideIcon } from "lucide-react";
  6 |
  7 | interface Step {

The export checkCircle2 was not found in module [project]/node_modules/lucide-react/dist/esm/lucide-react.mjs [app-ssr] (ecmascript).
Did you mean to import CheckCircle2?
All exports of the module are statically known (It doesn't have dynamic exports). So it's known statically that the requested export doesn't exist.

Import trace:
  Server Component:
    ./components/detection-pipeline.tsx
    ./app/page.tsx 
[browser] ./components/detection-pipeline.tsx:4:1
Error: Export database doesn't exist in target module
  2 |
  3 | import { motion } from "framer-motion";
> 4 | import { database, barChart3, brain, checkCircle2 } from "lucide-react";
    | ^^^^^^^^^^^^^^^^^^^^^^^^^^^^^^^^^^^^^^^^^^^^^^^^^^^^^^^^^^^^^^^^^^^^^^^^
  5 | import type { LucideIcon } from "lucide-react";
  6 |
  7 | interface Step {

The export database was not found in module [project]/node_modules/lucide-react/dist/esm/lucide-react.mjs [app-client] (ecmascript).
Did you mean to import Database?
All exports of the module are statically known (It doesn't have dynamic exports). So it's known statically that the requested export doesn't exist.

Import trace:
  Server Component:
    ./components/detection-pipeline.tsx
    ./app/page.tsx 
[browser] ./components/detection-pipeline.tsx:4:1
Error: Export database doesn't exist in target module
  2 |
  3 | import { motion } from "framer-motion";
> 4 | import { database, barChart3, brain, checkCircle2 } from "lucide-react";
    | ^^^^^^^^^^^^^^^^^^^^^^^^^^^^^^^^^^^^^^^^^^^^^^^^^^^^^^^^^^^^^^^^^^^^^^^^
  5 | import type { LucideIcon } from "lucide-react";
  6 |
  7 | interface Step {

The export database was not found in module [project]/node_modules/lucide-react/dist/esm/lucide-react.mjs [app-ssr] (ecmascript).
Did you mean to import Database?
All exports of the module are statically known (It doesn't have dynamic exports). So it's known statically that the requested export doesn't exist.

Import trace:
  Server Component:
    ./components/detection-pipeline.tsx
    ./app/page.tsx 
[browser] ./components/detection-pipeline.tsx:4:1
Error: Export barChart3 doesn't exist in target module
  2 |
  3 | import { motion } from "framer-motion";
> 4 | import { database, barChart3, brain, checkCircle2 } from "lucide-react";
    | ^^^^^^^^^^^^^^^^^^^^^^^^^^^^^^^^^^^^^^^^^^^^^^^^^^^^^^^^^^^^^^^^^^^^^^^^
  5 | import type { LucideIcon } from "lucide-react";
  6 |
  7 | interface Step {

The export barChart3 was not found in module [project]/node_modules/lucide-react/dist/esm/lucide-react.mjs [app-client] (ecmascript).
Did you mean to import BarChart3?
All exports of the module are statically known (It doesn't have dynamic exports). So it's known statically that the requested export doesn't exist.

Import trace:
  Server Component:
    ./components/detection-pipeline.tsx
    ./app/page.tsx 
[browser] ./components/detection-pipeline.tsx:4:1
Error: Export barChart3 doesn't exist in target module
  2 |
  3 | import { motion } from "framer-motion";
> 4 | import { database, barChart3, brain, checkCircle2 } from "lucide-react";
    | ^^^^^^^^^^^^^^^^^^^^^^^^^^^^^^^^^^^^^^^^^^^^^^^^^^^^^^^^^^^^^^^^^^^^^^^^
  5 | import type { LucideIcon } from "lucide-react";
  6 |
  7 | interface Step {

The export barChart3 was not found in module [project]/node_modules/lucide-react/dist/esm/lucide-react.mjs [app-ssr] (ecmascript).
Did you mean to import BarChart3?
All exports of the module are statically known (It doesn't have dynamic exports). So it's known statically that the requested export doesn't exist.

Import trace:
  Server Component:
    ./components/detection-pipeline.tsx
    ./app/page.tsx 
[browser] ./components/detection-pipeline.tsx:4:1
Error: Export brain doesn't exist in target module
  2 |
  3 | import { motion } from "framer-motion";
> 4 | import { database, barChart3, brain, checkCircle2 } from "lucide-react";
    | ^^^^^^^^^^^^^^^^^^^^^^^^^^^^^^^^^^^^^^^^^^^^^^^^^^^^^^^^^^^^^^^^^^^^^^^^
  5 | import type { LucideIcon } from "lucide-react";
  6 |
  7 | interface Step {

The export brain was not found in module [project]/node_modules/lucide-react/dist/esm/lucide-react.mjs [app-client] (ecmascript).
Did you mean to import Train?
All exports of the module are statically known (It doesn't have dynamic exports). So it's known statically that the requested export doesn't exist.

Import trace:
  Server Component:
    ./components/detection-pipeline.tsx
    ./app/page.tsx 
[browser] ./components/detection-pipeline.tsx:4:1
Error: Export brain doesn't exist in target module
  2 |
  3 | import { motion } from "framer-motion";
> 4 | import { database, barChart3, brain, checkCircle2 } from "lucide-react";
    | ^^^^^^^^^^^^^^^^^^^^^^^^^^^^^^^^^^^^^^^^^^^^^^^^^^^^^^^^^^^^^^^^^^^^^^^^
  5 | import type { LucideIcon } from "lucide-react";
  6 |
  7 | interface Step {

The export brain was not found in module [project]/node_modules/lucide-react/dist/esm/lucide-react.mjs [app-ssr] (ecmascript).
Did you mean to import Train?
All exports of the module are statically known (It doesn't have dynamic exports). So it's known statically that the requested export doesn't exist.

Import trace:
  Server Component:
    ./components/detection-pipeline.tsx
    ./app/page.tsx 
[browser] ./components/detection-pipeline.tsx:4:1
Error: Export checkCircle2 doesn't exist in target module
  2 |
  3 | import { motion } from "framer-motion";
> 4 | import { database, barChart3, brain, checkCircle2 } from "lucide-react";
    | ^^^^^^^^^^^^^^^^^^^^^^^^^^^^^^^^^^^^^^^^^^^^^^^^^^^^^^^^^^^^^^^^^^^^^^^^
  5 | import type { LucideIcon } from "lucide-react";
  6 |
  7 | interface Step {

The export checkCircle2 was not found in module [project]/node_modules/lucide-react/dist/esm/lucide-react.mjs [app-client] (ecmascript).
Did you mean to import CheckCircle2?
All exports of the module are statically known (It doesn't have dynamic exports). So it's known statically that the requested export doesn't exist.

Import trace:
  Server Component:
    ./components/detection-pipeline.tsx
    ./app/page.tsx 
[browser] ./components/detection-pipeline.tsx:4:1
Error: Export checkCircle2 doesn't exist in target module
  2 |
  3 | import { motion } from "framer-motion";
> 4 | import { database, barChart3, brain, checkCircle2 } from "lucide-react";
    | ^^^^^^^^^^^^^^^^^^^^^^^^^^^^^^^^^^^^^^^^^^^^^^^^^^^^^^^^^^^^^^^^^^^^^^^^
  5 | import type { LucideIcon } from "lucide-react";
  6 |
  7 | interface Step {

The export checkCircle2 was not found in module [project]/node_modules/lucide-react/dist/esm/lucide-react.mjs [app-ssr] (ecmascript).
Did you mean to import CheckCircle2?
All exports of the module are statically known (It doesn't have dynamic exports). So it's known statically that the requested export doesn't exist.

Import trace:
  Server Component:
    ./components/detection-pipeline.tsx
    ./app/page.tsx 
[browser] ./components/detection-pipeline.tsx:4:1
Error: Export database doesn't exist in target module
  2 |
  3 | import { motion } from "framer-motion";
> 4 | import { database, barChart3, brain, checkCircle2 } from "lucide-react";
    | ^^^^^^^^^^^^^^^^^^^^^^^^^^^^^^^^^^^^^^^^^^^^^^^^^^^^^^^^^^^^^^^^^^^^^^^^
  5 | import type { LucideIcon } from "lucide-react";
  6 |
  7 | interface Step {

The export database was not found in module [project]/node_modules/lucide-react/dist/esm/lucide-react.mjs [app-client] (ecmascript).
Did you mean to import Database?
All exports of the module are statically known (It doesn't have dynamic exports). So it's known statically that the requested export doesn't exist.

Import trace:
  Server Component:
    ./components/detection-pipeline.tsx
    ./app/page.tsx 
[browser] ./components/detection-pipeline.tsx:4:1
Error: Export database doesn't exist in target module
  2 |
  3 | import { motion } from "framer-motion";
> 4 | import { database, barChart3, brain, checkCircle2 } from "lucide-react";
    | ^^^^^^^^^^^^^^^^^^^^^^^^^^^^^^^^^^^^^^^^^^^^^^^^^^^^^^^^^^^^^^^^^^^^^^^^
  5 | import type { LucideIcon } from "lucide-react";
  6 |
  7 | interface Step {

The export database was not found in module [project]/node_modules/lucide-react/dist/esm/lucide-react.mjs [app-ssr] (ecmascript).
Did you mean to import Database?
All exports of the module are statically known (It doesn't have dynamic exports). So it's known statically that the requested export doesn't exist.

Import trace:
  Server Component:
    ./components/detection-pipeline.tsx
    ./app/page.tsx 
⨯ ./components/detection-pipeline.tsx:4:1
Error: Export barChart3 doesn't exist in target module
  [90m2 |[0m
  [90m3 |[0m [36mimport[0m { motion } [36mfrom[0m [32m"framer-motion"[0m;
[31m[1m>[0m [90m4 |[0m [36mimport[0m { database, barChart3, brain, checkCircle2 } [36mfrom[0m [32m"lucide-react"[0m;
  [90m  |[0m [31m[1m^^^^^^^^^^^^^^^^^^^^^^^^^^^^^^^^^^^^^^^^^^^^^^^^^^^^^^^^^^^^^^^^^^^^^^^^[0m
  [90m5 |[0m [36mimport[0m [36mtype[0m { [33mLucideIcon[0m } [36mfrom[0m [32m"lucide-react"[0m;
  [90m6 |[0m
  [90m7 |[0m [36minterface[0m [33mStep[0m {

The export barChart3 was not found in module [project]/node_modules/lucide-react/dist/esm/lucide-react.mjs [app-client] (ecmascript).
Did you mean to import BarChart3?
All exports of the module are statically known (It doesn't have dynamic exports). So it's known statically that the requested export doesn't exist.

Import trace:
  Server Component:
    ./components/detection-pipeline.tsx
    ./app/page.tsx



./components/detection-pipeline.tsx:4:1
Error: Export barChart3 doesn't exist in target module
  [90m2 |[0m
  [90m3 |[0m [36mimport[0m { motion } [36mfrom[0m [32m"framer-motion"[0m;
[31m[1m>[0m [90m4 |[0m [36mimport[0m { database, barChart3, brain, checkCircle2 } [36mfrom[0m [32m"lucide-react"[0m;
  [90m  |[0m [31m[1m^^^^^^^^^^^^^^^^^^^^^^^^^^^^^^^^^^^^^^^^^^^^^^^^^^^^^^^^^^^^^^^^^^^^^^^^[0m
  [90m5 |[0m [36mimport[0m [36mtype[0m { [33mLucideIcon[0m } [36mfrom[0m [32m"lucide-react"[0m;
  [90m6 |[0m
  [90m7 |[0m [36minterface[0m [33mStep[0m {

The export barChart3 was not found in module [project]/node_modules/lucide-react/dist/esm/lucide-react.mjs [app-ssr] (ecmascript).
Did you mean to import BarChart3?
All exports of the module are statically known (It doesn't have dynamic exports). So it's known statically that the requested export doesn't exist.

Import trace:
  Server Component:
    ./components/detection-pipeline.tsx
    ./app/page.tsx



./components/detection-pipeline.tsx:4:1
Error: Export brain doesn't exist in target module
  [90m2 |[0m
  [90m3 |[0m [36mimport[0m { motion } [36mfrom[0m [32m"framer-motion"[0m;
[31m[1m>[0m [90m4 |[0m [36mimport[0m { database, barChart3, brain, checkCircle2 } [36mfrom[0m [32m"lucide-react"[0m;
  [90m  |[0m [31m[1m^^^^^^^^^^^^^^^^^^^^^^^^^^^^^^^^^^^^^^^^^^^^^^^^^^^^^^^^^^^^^^^^^^^^^^^^[0m
  [90m5 |[0m [36mimport[0m [36mtype[0m { [33mLucideIcon[0m } [36mfrom[0m [32m"lucide-react"[0m;
  [90m6 |[0m
  [90m7 |[0m [36minterface[0m [33mStep[0m {

The export brain was not found in module [project]/node_modules/lucide-react/dist/esm/lucide-react.mjs [app-client] (ecmascript).
Did you mean to import Train?
All exports of the module are statically known (It doesn't have dynamic exports). So it's known statically that the requested export doesn't exist.

Import trace:
  Server Component:
    ./components/detection-pipeline.tsx
    ./app/page.tsx



./components/detection-pipeline.tsx:4:1
Error: Export brain doesn't exist in target module
  [90m2 |[0m
  [90m3 |[0m [36mimport[0m { motion } [36mfrom[0m [32m"framer-motion"[0m;
[31m[1m>[0m [90m4 |[0m [36mimport[0m { database, barChart3, brain, checkCircle2 } [36mfrom[0m [32m"lucide-react"[0m;
  [90m  |[0m [31m[1m^^^^^^^^^^^^^^^^^^^^^^^^^^^^^^^^^^^^^^^^^^^^^^^^^^^^^^^^^^^^^^^^^^^^^^^^[0m
  [90m5 |[0m [36mimport[0m [36mtype[0m { [33mLucideIcon[0m } [36mfrom[0m [32m"lucide-react"[0m;
  [90m6 |[0m
  [90m7 |[0m [36minterface[0m [33mStep[0m {

The export brain was not found in module [project]/node_modules/lucide-react/dist/esm/lucide-react.mjs [app-ssr] (ecmascript).
Did you mean to import Train?
All exports of the module are statically known (It doesn't have dynamic exports). So it's known statically that the requested export doesn't exist.

Import trace:
  Server Component:
    ./components/detection-pipeline.tsx
    ./app/page.tsx



./components/detection-pipeline.tsx:4:1
Error: Export checkCircle2 doesn't exist in target module
  [90m2 |[0m
  [90m3 |[0m [36mimport[0m { motion } [36mfrom[0m [32m"framer-motion"[0m;
[31m[1m>[0m [90m4 |[0m [36mimport[0m { database, barChart3, brain, checkCircle2 } [36mfrom[0m [32m"lucide-react"[0m;
  [90m  |[0m [31m[1m^^^^^^^^^^^^^^^^^^^^^^^^^^^^^^^^^^^^^^^^^^^^^^^^^^^^^^^^^^^^^^^^^^^^^^^^[0m
  [90m5 |[0m [36mimport[0m [36mtype[0m { [33mLucideIcon[0m } [36mfrom[0m [32m"lucide-react"[0m;
  [90m6 |[0m
  [90m7 |[0m [36minterface[0m [33mStep[0m {

The export checkCircle2 was not found in module [project]/node_modules/lucide-react/dist/esm/lucide-react.mjs [app-client] (ecmascript).
Did you mean to import CheckCircle2?
All exports of the module are statically known (It doesn't have dynamic exports). So it's known statically that the requested export doesn't exist.

Import trace:
  Server Component:
    ./components/detection-pipeline.tsx
    ./app/page.tsx



./components/detection-pipeline.tsx:4:1
Error: Export checkCircle2 doesn't exist in target module
  [90m2 |[0m
  [90m3 |[0m [36mimport[0m { motion } [36mfrom[0m [32m"framer-motion"[0m;
[31m[1m>[0m [90m4 |[0m [36mimport[0m { database, barChart3, brain, checkCircle2 } [36mfrom[0m [32m"lucide-react"[0m;
  [90m  |[0m [31m[1m^^^^^^^^^^^^^^^^^^^^^^^^^^^^^^^^^^^^^^^^^^^^^^^^^^^^^^^^^^^^^^^^^^^^^^^^[0m
  [90m5 |[0m [36mimport[0m [36mtype[0m { [33mLucideIcon[0m } [36mfrom[0m [32m"lucide-react"[0m;
  [90m6 |[0m
  [90m7 |[0m [36minterface[0m [33mStep[0m {

The export checkCircle2 was not found in module [project]/node_modules/lucide-react/dist/esm/lucide-react.mjs [app-ssr] (ecmascript).
Did you mean to import CheckCircle2?
All exports of the module are statically known (It doesn't have dynamic exports). So it's known statically that the requested export doesn't exist.

Import trace:
  Server Component:
    ./components/detection-pipeline.tsx
    ./app/page.tsx



./components/detection-pipeline.tsx:4:1
Error: Export database doesn't exist in target module
  [90m2 |[0m
  [90m3 |[0m [36mimport[0m { motion } [36mfrom[0m [32m"framer-motion"[0m;
[31m[1m>[0m [90m4 |[0m [36mimport[0m { database, barChart3, brain, checkCircle2 } [36mfrom[0m [32m"lucide-react"[0m;
  [90m  |[0m [31m[1m^^^^^^^^^^^^^^^^^^^^^^^^^^^^^^^^^^^^^^^^^^^^^^^^^^^^^^^^^^^^^^^^^^^^^^^^[0m
  [90m5 |[0m [36mimport[0m [36mtype[0m { [33mLucideIcon[0m } [36mfrom[0m [32m"lucide-react"[0m;
  [90m6 |[0m
  [90m7 |[0m [36minterface[0m [33mStep[0m {

The export database was not found in module [project]/node_modules/lucide-react/dist/esm/lucide-react.mjs [app-client] (ecmascript).
Did you mean to import Database?
All exports of the module are statically known (It doesn't have dynamic exports). So it's known statically that the requested export doesn't exist.

Import trace:
  Server Component:
    ./components/detection-pipeline.tsx
    ./app/page.tsx



./components/detection-pipeline.tsx:4:1
Error: Export database doesn't exist in target module
  [90m2 |[0m
  [90m3 |[0m [36mimport[0m { motion } [36mfrom[0m [32m"framer-motion"[0m;
[31m[1m>[0m [90m4 |[0m [36mimport[0m { database, barChart3, brain, checkCircle2 } [36mfrom[0m [32m"lucide-react"[0m;
  [90m  |[0m [31m[1m^^^^^^^^^^^^^^^^^^^^^^^^^^^^^^^^^^^^^^^^^^^^^^^^^^^^^^^^^^^^^^^^^^^^^^^^[0m
  [90m5 |[0m [36mimport[0m [36mtype[0m { [33mLucideIcon[0m } [36mfrom[0m [32m"lucide-react"[0m;
  [90m6 |[0m
  [90m7 |[0m [36minterface[0m [33mStep[0m {

The export database was not found in module [project]/node_modules/lucide-react/dist/esm/lucide-react.mjs [app-ssr] (ecmascript).
Did you mean to import Database?
All exports of the module are statically known (It doesn't have dynamic exports). So it's known statically that the requested export doesn't exist.

Import trace:
  Server Component:
    ./components/detection-pipeline.tsx
    ./app/page.tsx


[browser] Uncaught Error: ./components/detection-pipeline.tsx:4:1
Error: Export barChart3 doesn't exist in target module
  2 |
  3 | import { motion } from "framer-motion";
> 4 | import { database, barChart3, brain, checkCircle2 } from "lucide-react";
    | ^^^^^^^^^^^^^^^^^^^^^^^^^^^^^^^^^^^^^^^^^^^^^^^^^^^^^^^^^^^^^^^^^^^^^^^^
  5 | import type { LucideIcon } from "lucide-react";
  6 |
  7 | interface Step {

The export barChart3 was not found in module [project]/node_modules/lucide-react/dist/esm/lucide-react.mjs [app-client] (ecmascript).
Did you mean to import BarChart3?
All exports of the module are statically known (It doesn't have dynamic exports). So it's known statically that the requested export doesn't exist.

Import trace:
  Server Component:
    ./components/detection-pipeline.tsx
    ./app/page.tsx


    at <unknown> (Error: ./components/detection-pipeline.tsx:4:1)
    at <unknown> (Error: (./components/detection-pipeline.tsx:4:1)
[browser] ./components/detection-pipeline.tsx:4:1
Error: Export barChart3 doesn't exist in target module
  2 |
  3 | import { motion } from "framer-motion";
> 4 | import { database, barChart3, brain, checkCircle2 } from "lucide-react";
    | ^^^^^^^^^^^^^^^^^^^^^^^^^^^^^^^^^^^^^^^^^^^^^^^^^^^^^^^^^^^^^^^^^^^^^^^^
  5 | import type { LucideIcon } from "lucide-react";
  6 |
  7 | interface Step {

The export barChart3 was not found in module [project]/node_modules/lucide-react/dist/esm/lucide-react.mjs [app-client] (ecmascript).
Did you mean to import BarChart3?
All exports of the module are statically known (It doesn't have dynamic exports). So it's known statically that the requested export doesn't exist.

Import trace:
  Server Component:
    ./components/detection-pipeline.tsx
    ./app/page.tsx 
[browser] ./components/detection-pipeline.tsx:4:1
Error: Export barChart3 doesn't exist in target module
  2 |
  3 | import { motion } from "framer-motion";
> 4 | import { database, barChart3, brain, checkCircle2 } from "lucide-react";
    | ^^^^^^^^^^^^^^^^^^^^^^^^^^^^^^^^^^^^^^^^^^^^^^^^^^^^^^^^^^^^^^^^^^^^^^^^
  5 | import type { LucideIcon } from "lucide-react";
  6 |
  7 | interface Step {

The export barChart3 was not found in module [project]/node_modules/lucide-react/dist/esm/lucide-react.mjs [app-ssr] (ecmascript).
Did you mean to import BarChart3?
All exports of the module are statically known (It doesn't have dynamic exports). So it's known statically that the requested export doesn't exist.

Import trace:
  Server Component:
    ./components/detection-pipeline.tsx
    ./app/page.tsx 
[browser] ./components/detection-pipeline.tsx:4:1
Error: Export brain doesn't exist in target module
  2 |
  3 | import { motion } from "framer-motion";
> 4 | import { database, barChart3, brain, checkCircle2 } from "lucide-react";
    | ^^^^^^^^^^^^^^^^^^^^^^^^^^^^^^^^^^^^^^^^^^^^^^^^^^^^^^^^^^^^^^^^^^^^^^^^
  5 | import type { LucideIcon } from "lucide-react";
  6 |
  7 | interface Step {

The export brain was not found in module [project]/node_modules/lucide-react/dist/esm/lucide-react.mjs [app-client] (ecmascript).
Did you mean to import Train?
All exports of the module are statically known (It doesn't have dynamic exports). So it's known statically that the requested export doesn't exist.

Import trace:
  Server Component:
    ./components/detection-pipeline.tsx
    ./app/page.tsx 
[browser] ./components/detection-pipeline.tsx:4:1
Error: Export brain doesn't exist in target module
  2 |
  3 | import { motion } from "framer-motion";
> 4 | import { database, barChart3, brain, checkCircle2 } from "lucide-react";
    | ^^^^^^^^^^^^^^^^^^^^^^^^^^^^^^^^^^^^^^^^^^^^^^^^^^^^^^^^^^^^^^^^^^^^^^^^
  5 | import type { LucideIcon } from "lucide-react";
  6 |
  7 | interface Step {

The export brain was not found in module [project]/node_modules/lucide-react/dist/esm/lucide-react.mjs [app-ssr] (ecmascript).
Did you mean to import Train?
All exports of the module are statically known (It doesn't have dynamic exports). So it's known statically that the requested export doesn't exist.

Import trace:
  Server Component:
    ./components/detection-pipeline.tsx
    ./app/page.tsx 
[browser] ./components/detection-pipeline.tsx:4:1
Error: Export checkCircle2 doesn't exist in target module
  2 |
  3 | import { motion } from "framer-motion";
> 4 | import { database, barChart3, brain, checkCircle2 } from "lucide-react";
    | ^^^^^^^^^^^^^^^^^^^^^^^^^^^^^^^^^^^^^^^^^^^^^^^^^^^^^^^^^^^^^^^^^^^^^^^^
  5 | import type { LucideIcon } from "lucide-react";
  6 |
  7 | interface Step {

The export checkCircle2 was not found in module [project]/node_modules/lucide-react/dist/esm/lucide-react.mjs [app-client] (ecmascript).
Did you mean to import CheckCircle2?
All exports of the module are statically known (It doesn't have dynamic exports). So it's known statically that the requested export doesn't exist.

Import trace:
  Server Component:
    ./components/detection-pipeline.tsx
    ./app/page.tsx 
[browser] ./components/detection-pipeline.tsx:4:1
Error: Export checkCircle2 doesn't exist in target module
  2 |
  3 | import { motion } from "framer-motion";
> 4 | import { database, barChart3, brain, checkCircle2 } from "lucide-react";
    | ^^^^^^^^^^^^^^^^^^^^^^^^^^^^^^^^^^^^^^^^^^^^^^^^^^^^^^^^^^^^^^^^^^^^^^^^
  5 | import type { LucideIcon } from "lucide-react";
  6 |
  7 | interface Step {

The export checkCircle2 was not found in module [project]/node_modules/lucide-react/dist/esm/lucide-react.mjs [app-ssr] (ecmascript).
Did you mean to import CheckCircle2?
All exports of the module are statically known (It doesn't have dynamic exports). So it's known statically that the requested export doesn't exist.

Import trace:
  Server Component:
    ./components/detection-pipeline.tsx
    ./app/page.tsx 
[browser] ./components/detection-pipeline.tsx:4:1
Error: Export database doesn't exist in target module
  2 |
  3 | import { motion } from "framer-motion";
> 4 | import { database, barChart3, brain, checkCircle2 } from "lucide-react";
    | ^^^^^^^^^^^^^^^^^^^^^^^^^^^^^^^^^^^^^^^^^^^^^^^^^^^^^^^^^^^^^^^^^^^^^^^^
  5 | import type { LucideIcon } from "lucide-react";
  6 |
  7 | interface Step {

The export database was not found in module [project]/node_modules/lucide-react/dist/esm/lucide-react.mjs [app-client] (ecmascript).
Did you mean to import Database?
All exports of the module are statically known (It doesn't have dynamic exports). So it's known statically that the requested export doesn't exist.

Import trace:
  Server Component:
    ./components/detection-pipeline.tsx
    ./app/page.tsx 
[browser] ./components/detection-pipeline.tsx:4:1
Error: Export database doesn't exist in target module
  2 |
  3 | import { motion } from "framer-motion";
> 4 | import { database, barChart3, brain, checkCircle2 } from "lucide-react";
    | ^^^^^^^^^^^^^^^^^^^^^^^^^^^^^^^^^^^^^^^^^^^^^^^^^^^^^^^^^^^^^^^^^^^^^^^^
  5 | import type { LucideIcon } from "lucide-react";
  6 |
  7 | interface Step {

The export database was not found in module [project]/node_modules/lucide-react/dist/esm/lucide-react.mjs [app-ssr] (ecmascript).
Did you mean to import Database?
All exports of the module are statically known (It doesn't have dynamic exports). So it's known statically that the requested export doesn't exist.

Import trace:
  Server Component:
    ./components/detection-pipeline.tsx
    ./app/page.tsx 
[browser] ./components/detection-pipeline.tsx:4:1
Error: Export barChart3 doesn't exist in target module
  2 |
  3 | import { motion } from "framer-motion";
> 4 | import { database, barChart3, brain, checkCircle2 } from "lucide-react";
    | ^^^^^^^^^^^^^^^^^^^^^^^^^^^^^^^^^^^^^^^^^^^^^^^^^^^^^^^^^^^^^^^^^^^^^^^^
  5 | import type { LucideIcon } from "lucide-react";
  6 |
  7 | interface Step {

The export barChart3 was not found in module [project]/node_modules/lucide-react/dist/esm/lucide-react.mjs [app-client] (ecmascript).
Did you mean to import BarChart3?
All exports of the module are statically known (It doesn't have dynamic exports). So it's known statically that the requested export doesn't exist.

Import trace:
  Server Component:
    ./components/detection-pipeline.tsx
    ./app/page.tsx 
[browser] ./components/detection-pipeline.tsx:4:1
Error: Export barChart3 doesn't exist in target module
  2 |
  3 | import { motion } from "framer-motion";
> 4 | import { database, barChart3, brain, checkCircle2 } from "lucide-react";
    | ^^^^^^^^^^^^^^^^^^^^^^^^^^^^^^^^^^^^^^^^^^^^^^^^^^^^^^^^^^^^^^^^^^^^^^^^
  5 | import type { LucideIcon } from "lucide-react";
  6 |
  7 | interface Step {

The export barChart3 was not found in module [project]/node_modules/lucide-react/dist/esm/lucide-react.mjs [app-ssr] (ecmascript).
Did you mean to import BarChart3?
All exports of the module are statically known (It doesn't have dynamic exports). So it's known statically that the requested export doesn't exist.

Import trace:
  Server Component:
    ./components/detection-pipeline.tsx
    ./app/page.tsx 
[browser] ./components/detection-pipeline.tsx:4:1
Error: Export brain doesn't exist in target module
  2 |
  3 | import { motion } from "framer-motion";
> 4 | import { database, barChart3, brain, checkCircle2 } from "lucide-react";
    | ^^^^^^^^^^^^^^^^^^^^^^^^^^^^^^^^^^^^^^^^^^^^^^^^^^^^^^^^^^^^^^^^^^^^^^^^
  5 | import type { LucideIcon } from "lucide-react";
  6 |
  7 | interface Step {

The export brain was not found in module [project]/node_modules/lucide-react/dist/esm/lucide-react.mjs [app-client] (ecmascript).
Did you mean to import Train?
All exports of the module are statically known (It doesn't have dynamic exports). So it's known statically that the requested export doesn't exist.

Import trace:
  Server Component:
    ./components/detection-pipeline.tsx
    ./app/page.tsx 
[browser] ./components/detection-pipeline.tsx:4:1
Error: Export brain doesn't exist in target module
  2 |
  3 | import { motion } from "framer-motion";
> 4 | import { database, barChart3, brain, checkCircle2 } from "lucide-react";
    | ^^^^^^^^^^^^^^^^^^^^^^^^^^^^^^^^^^^^^^^^^^^^^^^^^^^^^^^^^^^^^^^^^^^^^^^^
  5 | import type { LucideIcon } from "lucide-react";
  6 |
  7 | interface Step {

The export brain was not found in module [project]/node_modules/lucide-react/dist/esm/lucide-react.mjs [app-ssr] (ecmascript).
Did you mean to import Train?
All exports of the module are statically known (It doesn't have dynamic exports). So it's known statically that the requested export doesn't exist.

Import trace:
  Server Component:
    ./components/detection-pipeline.tsx
    ./app/page.tsx 
[browser] ./components/detection-pipeline.tsx:4:1
Error: Export checkCircle2 doesn't exist in target module
  2 |
  3 | import { motion } from "framer-motion";
> 4 | import { database, barChart3, brain, checkCircle2 } from "lucide-react";
    | ^^^^^^^^^^^^^^^^^^^^^^^^^^^^^^^^^^^^^^^^^^^^^^^^^^^^^^^^^^^^^^^^^^^^^^^^
  5 | import type { LucideIcon } from "lucide-react";
  6 |
  7 | interface Step {

The export checkCircle2 was not found in module [project]/node_modules/lucide-react/dist/esm/lucide-react.mjs [app-client] (ecmascript).
Did you mean to import CheckCircle2?
All exports of the module are statically known (It doesn't have dynamic exports). So it's known statically that the requested export doesn't exist.

Import trace:
  Server Component:
    ./components/detection-pipeline.tsx
    ./app/page.tsx 
[browser] ./components/detection-pipeline.tsx:4:1
Error: Export checkCircle2 doesn't exist in target module
  2 |
  3 | import { motion } from "framer-motion";
> 4 | import { database, barChart3, brain, checkCircle2 } from "lucide-react";
    | ^^^^^^^^^^^^^^^^^^^^^^^^^^^^^^^^^^^^^^^^^^^^^^^^^^^^^^^^^^^^^^^^^^^^^^^^
  5 | import type { LucideIcon } from "lucide-react";
  6 |
  7 | interface Step {

The export checkCircle2 was not found in module [project]/node_modules/lucide-react/dist/esm/lucide-react.mjs [app-ssr] (ecmascript).
Did you mean to import CheckCircle2?
All exports of the module are statically known (It doesn't have dynamic exports). So it's known statically that the requested export doesn't exist.

Import trace:
  Server Component:
    ./components/detection-pipeline.tsx
    ./app/page.tsx 
[browser] ./components/detection-pipeline.tsx:4:1
Error: Export database doesn't exist in target module
  2 |
  3 | import { motion } from "framer-motion";
> 4 | import { database, barChart3, brain, checkCircle2 } from "lucide-react";
    | ^^^^^^^^^^^^^^^^^^^^^^^^^^^^^^^^^^^^^^^^^^^^^^^^^^^^^^^^^^^^^^^^^^^^^^^^
  5 | import type { LucideIcon } from "lucide-react";
  6 |
  7 | interface Step {

The export database was not found in module [project]/node_modules/lucide-react/dist/esm/lucide-react.mjs [app-client] (ecmascript).
Did you mean to import Database?
All exports of the module are statically known (It doesn't have dynamic exports). So it's known statically that the requested export doesn't exist.

Import trace:
  Server Component:
    ./components/detection-pipeline.tsx
    ./app/page.tsx 
[browser] ./components/detection-pipeline.tsx:4:1
Error: Export database doesn't exist in target module
  2 |
  3 | import { motion } from "framer-motion";
> 4 | import { database, barChart3, brain, checkCircle2 } from "lucide-react";
    | ^^^^^^^^^^^^^^^^^^^^^^^^^^^^^^^^^^^^^^^^^^^^^^^^^^^^^^^^^^^^^^^^^^^^^^^^
  5 | import type { LucideIcon } from "lucide-react";
  6 |
  7 | interface Step {

The export database was not found in module [project]/node_modules/lucide-react/dist/esm/lucide-react.mjs [app-ssr] (ecmascript).
Did you mean to import Database?
All exports of the module are statically known (It doesn't have dynamic exports). So it's known statically that the requested export doesn't exist.

Import trace:
  Server Component:
    ./components/detection-pipeline.tsx
    ./app/page.tsx 
⚠ Fast Refresh had to perform a full reload due to a runtime error.
[browser] ./components/detection-pipeline.tsx:4:1
Error: Export barChart3 doesn't exist in target module
  2 |
  3 | import { motion } from "framer-motion";
> 4 | import { database, barChart3, brain, checkCircle2 } from "lucide-react";
    | ^^^^^^^^^^^^^^^^^^^^^^^^^^^^^^^^^^^^^^^^^^^^^^^^^^^^^^^^^^^^^^^^^^^^^^^^
  5 | import type { LucideIcon } from "lucide-react";
  6 |
  7 | interface Step {

The export barChart3 was not found in module [project]/node_modules/lucide-react/dist/esm/lucide-react.mjs [app-client] (ecmascript).
Did you mean to import BarChart3?
All exports of the module are statically known (It doesn't have dynamic exports). So it's known statically that the requested export doesn't exist.

Import trace:
  Server Component:
    ./components/detection-pipeline.tsx
    ./app/page.tsx 
[browser] ./components/detection-pipeline.tsx:4:1
Error: Export barChart3 doesn't exist in target module
  2 |
  3 | import { motion } from "framer-motion";
> 4 | import { database, barChart3, brain, checkCircle2 } from "lucide-react";
    | ^^^^^^^^^^^^^^^^^^^^^^^^^^^^^^^^^^^^^^^^^^^^^^^^^^^^^^^^^^^^^^^^^^^^^^^^
  5 | import type { LucideIcon } from "lucide-react";
  6 |
  7 | interface Step {

The export barChart3 was not found in module [project]/node_modules/lucide-react/dist/esm/lucide-react.mjs [app-ssr] (ecmascript).
Did you mean to import BarChart3?
All exports of the module are statically known (It doesn't have dynamic exports). So it's known statically that the requested export doesn't exist.

Import trace:
  Server Component:
    ./components/detection-pipeline.tsx
    ./app/page.tsx 
[browser] ./components/detection-pipeline.tsx:4:1
Error: Export brain doesn't exist in target module
  2 |
  3 | import { motion } from "framer-motion";
> 4 | import { database, barChart3, brain, checkCircle2 } from "lucide-react";
    | ^^^^^^^^^^^^^^^^^^^^^^^^^^^^^^^^^^^^^^^^^^^^^^^^^^^^^^^^^^^^^^^^^^^^^^^^
  5 | import type { LucideIcon } from "lucide-react";
  6 |
  7 | interface Step {

The export brain was not found in module [project]/node_modules/lucide-react/dist/esm/lucide-react.mjs [app-client] (ecmascript).
Did you mean to import Train?
All exports of the module are statically known (It doesn't have dynamic exports). So it's known statically that the requested export doesn't exist.

Import trace:
  Server Component:
    ./components/detection-pipeline.tsx
    ./app/page.tsx 
[browser] ./components/detection-pipeline.tsx:4:1
Error: Export brain doesn't exist in target module
  2 |
  3 | import { motion } from "framer-motion";
> 4 | import { database, barChart3, brain, checkCircle2 } from "lucide-react";
    | ^^^^^^^^^^^^^^^^^^^^^^^^^^^^^^^^^^^^^^^^^^^^^^^^^^^^^^^^^^^^^^^^^^^^^^^^
  5 | import type { LucideIcon } from "lucide-react";
  6 |
  7 | interface Step {

The export brain was not found in module [project]/node_modules/lucide-react/dist/esm/lucide-react.mjs [app-ssr] (ecmascript).
Did you mean to import Train?
All exports of the module are statically known (It doesn't have dynamic exports). So it's known statically that the requested export doesn't exist.

Import trace:
  Server Component:
    ./components/detection-pipeline.tsx
    ./app/page.tsx 
[browser] ./components/detection-pipeline.tsx:4:1
Error: Export checkCircle2 doesn't exist in target module
  2 |
  3 | import { motion } from "framer-motion";
> 4 | import { database, barChart3, brain, checkCircle2 } from "lucide-react";
    | ^^^^^^^^^^^^^^^^^^^^^^^^^^^^^^^^^^^^^^^^^^^^^^^^^^^^^^^^^^^^^^^^^^^^^^^^
  5 | import type { LucideIcon } from "lucide-react";
  6 |
  7 | interface Step {

The export checkCircle2 was not found in module [project]/node_modules/lucide-react/dist/esm/lucide-react.mjs [app-client] (ecmascript).
Did you mean to import CheckCircle2?
All exports of the module are statically known (It doesn't have dynamic exports). So it's known statically that the requested export doesn't exist.

Import trace:
  Server Component:
    ./components/detection-pipeline.tsx
    ./app/page.tsx 
[browser] ./components/detection-pipeline.tsx:4:1
Error: Export checkCircle2 doesn't exist in target module
  2 |
  3 | import { motion } from "framer-motion";
> 4 | import { database, barChart3, brain, checkCircle2 } from "lucide-react";
    | ^^^^^^^^^^^^^^^^^^^^^^^^^^^^^^^^^^^^^^^^^^^^^^^^^^^^^^^^^^^^^^^^^^^^^^^^
  5 | import type { LucideIcon } from "lucide-react";
  6 |
  7 | interface Step {

The export checkCircle2 was not found in module [project]/node_modules/lucide-react/dist/esm/lucide-react.mjs [app-ssr] (ecmascript).
Did you mean to import CheckCircle2?
All exports of the module are statically known (It doesn't have dynamic exports). So it's known statically that the requested export doesn't exist.

Import trace:
  Server Component:
    ./components/detection-pipeline.tsx
    ./app/page.tsx 
[browser] ./components/detection-pipeline.tsx:4:1
Error: Export database doesn't exist in target module
  2 |
  3 | import { motion } from "framer-motion";
> 4 | import { database, barChart3, brain, checkCircle2 } from "lucide-react";
    | ^^^^^^^^^^^^^^^^^^^^^^^^^^^^^^^^^^^^^^^^^^^^^^^^^^^^^^^^^^^^^^^^^^^^^^^^
  5 | import type { LucideIcon } from "lucide-react";
  6 |
  7 | interface Step {

The export database was not found in module [project]/node_modules/lucide-react/dist/esm/lucide-react.mjs [app-client] (ecmascript).
Did you mean to import Database?
All exports of the module are statically known (It doesn't have dynamic exports). So it's known statically that the requested export doesn't exist.

Import trace:
  Server Component:
    ./components/detection-pipeline.tsx
    ./app/page.tsx 
[browser] ./components/detection-pipeline.tsx:4:1
Error: Export database doesn't exist in target module
  2 |
  3 | import { motion } from "framer-motion";
> 4 | import { database, barChart3, brain, checkCircle2 } from "lucide-react";
    | ^^^^^^^^^^^^^^^^^^^^^^^^^^^^^^^^^^^^^^^^^^^^^^^^^^^^^^^^^^^^^^^^^^^^^^^^
  5 | import type { LucideIcon } from "lucide-react";
  6 |
  7 | interface Step {

The export database was not found in module [project]/node_modules/lucide-react/dist/esm/lucide-react.mjs [app-ssr] (ecmascript).
Did you mean to import Database?
All exports of the module are statically known (It doesn't have dynamic exports). So it's known statically that the requested export doesn't exist.

Import trace:
  Server Component:
    ./components/detection-pipeline.tsx
    ./app/page.tsx 
[browser] ./components/detection-pipeline.tsx:4:1
Error: Export barChart3 doesn't exist in target module
  2 |
  3 | import { motion } from "framer-motion";
> 4 | import { database, barChart3, brain, checkCircle2 } from "lucide-react";
    | ^^^^^^^^^^^^^^^^^^^^^^^^^^^^^^^^^^^^^^^^^^^^^^^^^^^^^^^^^^^^^^^^^^^^^^^^
  5 | import type { LucideIcon } from "lucide-react";
  6 |
  7 | interface Step {

The export barChart3 was not found in module [project]/node_modules/lucide-react/dist/esm/lucide-react.mjs [app-client] (ecmascript).
Did you mean to import BarChart3?
All exports of the module are statically known (It doesn't have dynamic exports). So it's known statically that the requested export doesn't exist.

Import trace:
  Server Component:
    ./components/detection-pipeline.tsx
    ./app/page.tsx 
[browser] ./components/detection-pipeline.tsx:4:1
Error: Export barChart3 doesn't exist in target module
  2 |
  3 | import { motion } from "framer-motion";
> 4 | import { database, barChart3, brain, checkCircle2 } from "lucide-react";
    | ^^^^^^^^^^^^^^^^^^^^^^^^^^^^^^^^^^^^^^^^^^^^^^^^^^^^^^^^^^^^^^^^^^^^^^^^
  5 | import type { LucideIcon } from "lucide-react";
  6 |
  7 | interface Step {

The export barChart3 was not found in module [project]/node_modules/lucide-react/dist/esm/lucide-react.mjs [app-ssr] (ecmascript).
Did you mean to import BarChart3?
All exports of the module are statically known (It doesn't have dynamic exports). So it's known statically that the requested export doesn't exist.

Import trace:
  Server Component:
    ./components/detection-pipeline.tsx
    ./app/page.tsx 
[browser] ./components/detection-pipeline.tsx:4:1
Error: Export brain doesn't exist in target module
  2 |
  3 | import { motion } from "framer-motion";
> 4 | import { database, barChart3, brain, checkCircle2 } from "lucide-react";
    | ^^^^^^^^^^^^^^^^^^^^^^^^^^^^^^^^^^^^^^^^^^^^^^^^^^^^^^^^^^^^^^^^^^^^^^^^
  5 | import type { LucideIcon } from "lucide-react";
  6 |
  7 | interface Step {

The export brain was not found in module [project]/node_modules/lucide-react/dist/esm/lucide-react.mjs [app-client] (ecmascript).
Did you mean to import Train?
All exports of the module are statically known (It doesn't have dynamic exports). So it's known statically that the requested export doesn't exist.

Import trace:
  Server Component:
    ./components/detection-pipeline.tsx
    ./app/page.tsx 
[browser] ./components/detection-pipeline.tsx:4:1
Error: Export brain doesn't exist in target module
  2 |
  3 | import { motion } from "framer-motion";
> 4 | import { database, barChart3, brain, checkCircle2 } from "lucide-react";
    | ^^^^^^^^^^^^^^^^^^^^^^^^^^^^^^^^^^^^^^^^^^^^^^^^^^^^^^^^^^^^^^^^^^^^^^^^
  5 | import type { LucideIcon } from "lucide-react";
  6 |
  7 | interface Step {

The export brain was not found in module [project]/node_modules/lucide-react/dist/esm/lucide-react.mjs [app-ssr] (ecmascript).
Did you mean to import Train?
All exports of the module are statically known (It doesn't have dynamic exports). So it's known statically that the requested export doesn't exist.

Import trace:
  Server Component:
    ./components/detection-pipeline.tsx
    ./app/page.tsx 
[browser] ./components/detection-pipeline.tsx:4:1
Error: Export checkCircle2 doesn't exist in target module
  2 |
  3 | import { motion } from "framer-motion";
> 4 | import { database, barChart3, brain, checkCircle2 } from "lucide-react";
    | ^^^^^^^^^^^^^^^^^^^^^^^^^^^^^^^^^^^^^^^^^^^^^^^^^^^^^^^^^^^^^^^^^^^^^^^^
  5 | import type { LucideIcon } from "lucide-react";
  6 |
  7 | interface Step {

The export checkCircle2 was not found in module [project]/node_modules/lucide-react/dist/esm/lucide-react.mjs [app-client] (ecmascript).
Did you mean to import CheckCircle2?
All exports of the module are statically known (It doesn't have dynamic exports). So it's known statically that the requested export doesn't exist.

Import trace:
  Server Component:
    ./components/detection-pipeline.tsx
    ./app/page.tsx 
[browser] ./components/detection-pipeline.tsx:4:1
Error: Export checkCircle2 doesn't exist in target module
  2 |
  3 | import { motion } from "framer-motion";
> 4 | import { database, barChart3, brain, checkCircle2 } from "lucide-react";
    | ^^^^^^^^^^^^^^^^^^^^^^^^^^^^^^^^^^^^^^^^^^^^^^^^^^^^^^^^^^^^^^^^^^^^^^^^
  5 | import type { LucideIcon } from "lucide-react";
  6 |
  7 | interface Step {

The export checkCircle2 was not found in module [project]/node_modules/lucide-react/dist/esm/lucide-react.mjs [app-ssr] (ecmascript).
Did you mean to import CheckCircle2?
All exports of the module are statically known (It doesn't have dynamic exports). So it's known statically that the requested export doesn't exist.

Import trace:
  Server Component:
    ./components/detection-pipeline.tsx
    ./app/page.tsx 
[browser] ./components/detection-pipeline.tsx:4:1
Error: Export database doesn't exist in target module
  2 |
  3 | import { motion } from "framer-motion";
> 4 | import { database, barChart3, brain, checkCircle2 } from "lucide-react";
    | ^^^^^^^^^^^^^^^^^^^^^^^^^^^^^^^^^^^^^^^^^^^^^^^^^^^^^^^^^^^^^^^^^^^^^^^^
  5 | import type { LucideIcon } from "lucide-react";
  6 |
  7 | interface Step {

The export database was not found in module [project]/node_modules/lucide-react/dist/esm/lucide-react.mjs [app-client] (ecmascript).
Did you mean to import Database?
All exports of the module are statically known (It doesn't have dynamic exports). So it's known statically that the requested export doesn't exist.

Import trace:
  Server Component:
    ./components/detection-pipeline.tsx
    ./app/page.tsx 
[browser] ./components/detection-pipeline.tsx:4:1
Error: Export database doesn't exist in target module
  2 |
  3 | import { motion } from "framer-motion";
> 4 | import { database, barChart3, brain, checkCircle2 } from "lucide-react";
    | ^^^^^^^^^^^^^^^^^^^^^^^^^^^^^^^^^^^^^^^^^^^^^^^^^^^^^^^^^^^^^^^^^^^^^^^^
  5 | import type { LucideIcon } from "lucide-react";
  6 |
  7 | interface Step {

The export database was not found in module [project]/node_modules/lucide-react/dist/esm/lucide-react.mjs [app-ssr] (ecmascript).
Did you mean to import Database?
All exports of the module are statically known (It doesn't have dynamic exports). So it's known statically that the requested export doesn't exist.

Import trace:
  Server Component:
    ./components/detection-pipeline.tsx
    ./app/page.tsx 
[browser] ./components/detection-pipeline.tsx:4:1
Error: Export barChart3 doesn't exist in target module
  2 |
  3 | import { motion } from "framer-motion";
> 4 | import { database, barChart3, brain, checkCircle2 } from "lucide-react";
    | ^^^^^^^^^^^^^^^^^^^^^^^^^^^^^^^^^^^^^^^^^^^^^^^^^^^^^^^^^^^^^^^^^^^^^^^^
  5 | import type { LucideIcon } from "lucide-react";
  6 |
  7 | interface Step {

The export barChart3 was not found in module [project]/node_modules/lucide-react/dist/esm/lucide-react.mjs [app-client] (ecmascript).
Did you mean to import BarChart3?
All exports of the module are statically known (It doesn't have dynamic exports). So it's known statically that the requested export doesn't exist.

Import trace:
  Server Component:
    ./components/detection-pipeline.tsx
    ./app/page.tsx 
[browser] ./components/detection-pipeline.tsx:4:1
Error: Export barChart3 doesn't exist in target module
  2 |
  3 | import { motion } from "framer-motion";
> 4 | import { database, barChart3, brain, checkCircle2 } from "lucide-react";
    | ^^^^^^^^^^^^^^^^^^^^^^^^^^^^^^^^^^^^^^^^^^^^^^^^^^^^^^^^^^^^^^^^^^^^^^^^
  5 | import type { LucideIcon } from "lucide-react";
  6 |
  7 | interface Step {

The export barChart3 was not found in module [project]/node_modules/lucide-react/dist/esm/lucide-react.mjs [app-ssr] (ecmascript).
Did you mean to import BarChart3?
All exports of the module are statically known (It doesn't have dynamic exports). So it's known statically that the requested export doesn't exist.

Import trace:
  Server Component:
    ./components/detection-pipeline.tsx
    ./app/page.tsx 
[browser] ./components/detection-pipeline.tsx:4:1
Error: Export brain doesn't exist in target module
  2 |
  3 | import { motion } from "framer-motion";
> 4 | import { database, barChart3, brain, checkCircle2 } from "lucide-react";
    | ^^^^^^^^^^^^^^^^^^^^^^^^^^^^^^^^^^^^^^^^^^^^^^^^^^^^^^^^^^^^^^^^^^^^^^^^
  5 | import type { LucideIcon } from "lucide-react";
  6 |
  7 | interface Step {

The export brain was not found in module [project]/node_modules/lucide-react/dist/esm/lucide-react.mjs [app-client] (ecmascript).
Did you mean to import Train?
All exports of the module are statically known (It doesn't have dynamic exports). So it's known statically that the requested export doesn't exist.

Import trace:
  Server Component:
    ./components/detection-pipeline.tsx
    ./app/page.tsx 
[browser] ./components/detection-pipeline.tsx:4:1
Error: Export brain doesn't exist in target module
  2 |
  3 | import { motion } from "framer-motion";
> 4 | import { database, barChart3, brain, checkCircle2 } from "lucide-react";
    | ^^^^^^^^^^^^^^^^^^^^^^^^^^^^^^^^^^^^^^^^^^^^^^^^^^^^^^^^^^^^^^^^^^^^^^^^
  5 | import type { LucideIcon } from "lucide-react";
  6 |
  7 | interface Step {

The export brain was not found in module [project]/node_modules/lucide-react/dist/esm/lucide-react.mjs [app-ssr] (ecmascript).
Did you mean to import Train?
All exports of the module are statically known (It doesn't have dynamic exports). So it's known statically that the requested export doesn't exist.

Import trace:
  Server Component:
    ./components/detection-pipeline.tsx
    ./app/page.tsx 
[browser] ./components/detection-pipeline.tsx:4:1
Error: Export checkCircle2 doesn't exist in target module
  2 |
  3 | import { motion } from "framer-motion";
> 4 | import { database, barChart3, brain, checkCircle2 } from "lucide-react";
    | ^^^^^^^^^^^^^^^^^^^^^^^^^^^^^^^^^^^^^^^^^^^^^^^^^^^^^^^^^^^^^^^^^^^^^^^^
  5 | import type { LucideIcon } from "lucide-react";
  6 |
  7 | interface Step {

The export checkCircle2 was not found in module [project]/node_modules/lucide-react/dist/esm/lucide-react.mjs [app-client] (ecmascript).
Did you mean to import CheckCircle2?
All exports of the module are statically known (It doesn't have dynamic exports). So it's known statically that the requested export doesn't exist.

Import trace:
  Server Component:
    ./components/detection-pipeline.tsx
    ./app/page.tsx 
[browser] ./components/detection-pipeline.tsx:4:1
Error: Export checkCircle2 doesn't exist in target module
  2 |
  3 | import { motion } from "framer-motion";
> 4 | import { database, barChart3, brain, checkCircle2 } from "lucide-react";
    | ^^^^^^^^^^^^^^^^^^^^^^^^^^^^^^^^^^^^^^^^^^^^^^^^^^^^^^^^^^^^^^^^^^^^^^^^
  5 | import type { LucideIcon } from "lucide-react";
  6 |
  7 | interface Step {

The export checkCircle2 was not found in module [project]/node_modules/lucide-react/dist/esm/lucide-react.mjs [app-ssr] (ecmascript).
Did you mean to import CheckCircle2?
All exports of the module are statically known (It doesn't have dynamic exports). So it's known statically that the requested export doesn't exist.

Import trace:
  Server Component:
    ./components/detection-pipeline.tsx
    ./app/page.tsx 
[browser] ./components/detection-pipeline.tsx:4:1
Error: Export database doesn't exist in target module
  2 |
  3 | import { motion } from "framer-motion";
> 4 | import { database, barChart3, brain, checkCircle2 } from "lucide-react";
    | ^^^^^^^^^^^^^^^^^^^^^^^^^^^^^^^^^^^^^^^^^^^^^^^^^^^^^^^^^^^^^^^^^^^^^^^^
  5 | import type { LucideIcon } from "lucide-react";
  6 |
  7 | interface Step {

The export database was not found in module [project]/node_modules/lucide-react/dist/esm/lucide-react.mjs [app-client] (ecmascript).
Did you mean to import Database?
All exports of the module are statically known (It doesn't have dynamic exports). So it's known statically that the requested export doesn't exist.

Import trace:
  Server Component:
    ./components/detection-pipeline.tsx
    ./app/page.tsx 
[browser] ./components/detection-pipeline.tsx:4:1
Error: Export database doesn't exist in target module
  2 |
  3 | import { motion } from "framer-motion";
> 4 | import { database, barChart3, brain, checkCircle2 } from "lucide-react";
    | ^^^^^^^^^^^^^^^^^^^^^^^^^^^^^^^^^^^^^^^^^^^^^^^^^^^^^^^^^^^^^^^^^^^^^^^^
  5 | import type { LucideIcon } from "lucide-react";
  6 |
  7 | interface Step {

The export database was not found in module [project]/node_modules/lucide-react/dist/esm/lucide-react.mjs [app-ssr] (ecmascript).
Did you mean to import Database?
All exports of the module are statically known (It doesn't have dynamic exports). So it's known statically that the requested export doesn't exist.

Import trace:
  Server Component:
    ./components/detection-pipeline.tsx
    ./app/page.tsx 
[browser] ./components/detection-pipeline.tsx:4:1
Error: Export barChart3 doesn't exist in target module
  2 |
  3 | import { motion } from "framer-motion";
> 4 | import { database, barChart3, brain, checkCircle2 } from "lucide-react";
    | ^^^^^^^^^^^^^^^^^^^^^^^^^^^^^^^^^^^^^^^^^^^^^^^^^^^^^^^^^^^^^^^^^^^^^^^^
  5 | import type { LucideIcon } from "lucide-react";
  6 |
  7 | interface Step {

The export barChart3 was not found in module [project]/node_modules/lucide-react/dist/esm/lucide-react.mjs [app-client] (ecmascript).
Did you mean to import BarChart3?
All exports of the module are statically known (It doesn't have dynamic exports). So it's known statically that the requested export doesn't exist.

Import trace:
  Server Component:
    ./components/detection-pipeline.tsx
    ./app/page.tsx 
[browser] ./components/detection-pipeline.tsx:4:1
Error: Export barChart3 doesn't exist in target module
  2 |
  3 | import { motion } from "framer-motion";
> 4 | import { database, barChart3, brain, checkCircle2 } from "lucide-react";
    | ^^^^^^^^^^^^^^^^^^^^^^^^^^^^^^^^^^^^^^^^^^^^^^^^^^^^^^^^^^^^^^^^^^^^^^^^
  5 | import type { LucideIcon } from "lucide-react";
  6 |
  7 | interface Step {

The export barChart3 was not found in module [project]/node_modules/lucide-react/dist/esm/lucide-react.mjs [app-ssr] (ecmascript).
Did you mean to import BarChart3?
All exports of the module are statically known (It doesn't have dynamic exports). So it's known statically that the requested export doesn't exist.

Import trace:
  Server Component:
    ./components/detection-pipeline.tsx
    ./app/page.tsx 
[browser] ./components/detection-pipeline.tsx:4:1
Error: Export brain doesn't exist in target module
  2 |
  3 | import { motion } from "framer-motion";
> 4 | import { database, barChart3, brain, checkCircle2 } from "lucide-react";
    | ^^^^^^^^^^^^^^^^^^^^^^^^^^^^^^^^^^^^^^^^^^^^^^^^^^^^^^^^^^^^^^^^^^^^^^^^
  5 | import type { LucideIcon } from "lucide-react";
  6 |
  7 | interface Step {

The export brain was not found in module [project]/node_modules/lucide-react/dist/esm/lucide-react.mjs [app-client] (ecmascript).
Did you mean to import Train?
All exports of the module are statically known (It doesn't have dynamic exports). So it's known statically that the requested export doesn't exist.

Import trace:
  Server Component:
    ./components/detection-pipeline.tsx
    ./app/page.tsx 
[browser] ./components/detection-pipeline.tsx:4:1
Error: Export brain doesn't exist in target module
  2 |
  3 | import { motion } from "framer-motion";
> 4 | import { database, barChart3, brain, checkCircle2 } from "lucide-react";
    | ^^^^^^^^^^^^^^^^^^^^^^^^^^^^^^^^^^^^^^^^^^^^^^^^^^^^^^^^^^^^^^^^^^^^^^^^
  5 | import type { LucideIcon } from "lucide-react";
  6 |
  7 | interface Step {

The export brain was not found in module [project]/node_modules/lucide-react/dist/esm/lucide-react.mjs [app-ssr] (ecmascript).
Did you mean to import Train?
All exports of the module are statically known (It doesn't have dynamic exports). So it's known statically that the requested export doesn't exist.

Import trace:
  Server Component:
    ./components/detection-pipeline.tsx
    ./app/page.tsx 
[browser] ./components/detection-pipeline.tsx:4:1
Error: Export checkCircle2 doesn't exist in target module
  2 |
  3 | import { motion } from "framer-motion";
> 4 | import { database, barChart3, brain, checkCircle2 } from "lucide-react";
    | ^^^^^^^^^^^^^^^^^^^^^^^^^^^^^^^^^^^^^^^^^^^^^^^^^^^^^^^^^^^^^^^^^^^^^^^^
  5 | import type { LucideIcon } from "lucide-react";
  6 |
  7 | interface Step {

The export checkCircle2 was not found in module [project]/node_modules/lucide-react/dist/esm/lucide-react.mjs [app-client] (ecmascript).
Did you mean to import CheckCircle2?
All exports of the module are statically known (It doesn't have dynamic exports). So it's known statically that the requested export doesn't exist.

Import trace:
  Server Component:
    ./components/detection-pipeline.tsx
    ./app/page.tsx 
[browser] ./components/detection-pipeline.tsx:4:1
Error: Export checkCircle2 doesn't exist in target module
  2 |
  3 | import { motion } from "framer-motion";
> 4 | import { database, barChart3, brain, checkCircle2 } from "lucide-react";
    | ^^^^^^^^^^^^^^^^^^^^^^^^^^^^^^^^^^^^^^^^^^^^^^^^^^^^^^^^^^^^^^^^^^^^^^^^
  5 | import type { LucideIcon } from "lucide-react";
  6 |
  7 | interface Step {

The export checkCircle2 was not found in module [project]/node_modules/lucide-react/dist/esm/lucide-react.mjs [app-ssr] (ecmascript).
Did you mean to import CheckCircle2?
All exports of the module are statically known (It doesn't have dynamic exports). So it's known statically that the requested export doesn't exist.

Import trace:
  Server Component:
    ./components/detection-pipeline.tsx
    ./app/page.tsx 
[browser] ./components/detection-pipeline.tsx:4:1
Error: Export database doesn't exist in target module
  2 |
  3 | import { motion } from "framer-motion";
> 4 | import { database, barChart3, brain, checkCircle2 } from "lucide-react";
    | ^^^^^^^^^^^^^^^^^^^^^^^^^^^^^^^^^^^^^^^^^^^^^^^^^^^^^^^^^^^^^^^^^^^^^^^^
  5 | import type { LucideIcon } from "lucide-react";
  6 |
  7 | interface Step {

The export database was not found in module [project]/node_modules/lucide-react/dist/esm/lucide-react.mjs [app-client] (ecmascript).
Did you mean to import Database?
All exports of the module are statically known (It doesn't have dynamic exports). So it's known statically that the requested export doesn't exist.

Import trace:
  Server Component:
    ./components/detection-pipeline.tsx
    ./app/page.tsx 
[browser] ./components/detection-pipeline.tsx:4:1
Error: Export database doesn't exist in target module
  2 |
  3 | import { motion } from "framer-motion";
> 4 | import { database, barChart3, brain, checkCircle2 } from "lucide-react";
    | ^^^^^^^^^^^^^^^^^^^^^^^^^^^^^^^^^^^^^^^^^^^^^^^^^^^^^^^^^^^^^^^^^^^^^^^^
  5 | import type { LucideIcon } from "lucide-react";
  6 |
  7 | interface Step {

The export database was not found in module [project]/node_modules/lucide-react/dist/esm/lucide-react.mjs [app-ssr] (ecmascript).
Did you mean to import Database?
All exports of the module are statically known (It doesn't have dynamic exports). So it's known statically that the requested export doesn't exist.

Import trace:
  Server Component:
    ./components/detection-pipeline.tsx
    ./app/page.tsx 
[browser] ./components/detection-pipeline.tsx:4:1
Error: Export barChart3 doesn't exist in target module
  2 |
  3 | import { motion } from "framer-motion";
> 4 | import { database, barChart3, brain, checkCircle2 } from "lucide-react";
    | ^^^^^^^^^^^^^^^^^^^^^^^^^^^^^^^^^^^^^^^^^^^^^^^^^^^^^^^^^^^^^^^^^^^^^^^^
  5 | import type { LucideIcon } from "lucide-react";
  6 |
  7 | interface Step {

The export barChart3 was not found in module [project]/node_modules/lucide-react/dist/esm/lucide-react.mjs [app-client] (ecmascript).
Did you mean to import BarChart3?
All exports of the module are statically known (It doesn't have dynamic exports). So it's known statically that the requested export doesn't exist.

Import trace:
  Server Component:
    ./components/detection-pipeline.tsx
    ./app/page.tsx 
[browser] ./components/detection-pipeline.tsx:4:1
Error: Export barChart3 doesn't exist in target module
  2 |
  3 | import { motion } from "framer-motion";
> 4 | import { database, barChart3, brain, checkCircle2 } from "lucide-react";
    | ^^^^^^^^^^^^^^^^^^^^^^^^^^^^^^^^^^^^^^^^^^^^^^^^^^^^^^^^^^^^^^^^^^^^^^^^
  5 | import type { LucideIcon } from "lucide-react";
  6 |
  7 | interface Step {

The export barChart3 was not found in module [project]/node_modules/lucide-react/dist/esm/lucide-react.mjs [app-ssr] (ecmascript).
Did you mean to import BarChart3?
All exports of the module are statically known (It doesn't have dynamic exports). So it's known statically that the requested export doesn't exist.

Import trace:
  Server Component:
    ./components/detection-pipeline.tsx
    ./app/page.tsx 
[browser] ./components/detection-pipeline.tsx:4:1
Error: Export brain doesn't exist in target module
  2 |
  3 | import { motion } from "framer-motion";
> 4 | import { database, barChart3, brain, checkCircle2 } from "lucide-react";
    | ^^^^^^^^^^^^^^^^^^^^^^^^^^^^^^^^^^^^^^^^^^^^^^^^^^^^^^^^^^^^^^^^^^^^^^^^
  5 | import type { LucideIcon } from "lucide-react";
  6 |
  7 | interface Step {

The export brain was not found in module [project]/node_modules/lucide-react/dist/esm/lucide-react.mjs [app-client] (ecmascript).
Did you mean to import Train?
All exports of the module are statically known (It doesn't have dynamic exports). So it's known statically that the requested export doesn't exist.

Import trace:
  Server Component:
    ./components/detection-pipeline.tsx
    ./app/page.tsx 
[browser] ./components/detection-pipeline.tsx:4:1
Error: Export brain doesn't exist in target module
  2 |
  3 | import { motion } from "framer-motion";
> 4 | import { database, barChart3, brain, checkCircle2 } from "lucide-react";
    | ^^^^^^^^^^^^^^^^^^^^^^^^^^^^^^^^^^^^^^^^^^^^^^^^^^^^^^^^^^^^^^^^^^^^^^^^
  5 | import type { LucideIcon } from "lucide-react";
  6 |
  7 | interface Step {

The export brain was not found in module [project]/node_modules/lucide-react/dist/esm/lucide-react.mjs [app-ssr] (ecmascript).
Did you mean to import Train?
All exports of the module are statically known (It doesn't have dynamic exports). So it's known statically that the requested export doesn't exist.

Import trace:
  Server Component:
    ./components/detection-pipeline.tsx
    ./app/page.tsx 
[browser] ./components/detection-pipeline.tsx:4:1
Error: Export checkCircle2 doesn't exist in target module
  2 |
  3 | import { motion } from "framer-motion";
> 4 | import { database, barChart3, brain, checkCircle2 } from "lucide-react";
    | ^^^^^^^^^^^^^^^^^^^^^^^^^^^^^^^^^^^^^^^^^^^^^^^^^^^^^^^^^^^^^^^^^^^^^^^^
  5 | import type { LucideIcon } from "lucide-react";
  6 |
  7 | interface Step {

The export checkCircle2 was not found in module [project]/node_modules/lucide-react/dist/esm/lucide-react.mjs [app-client] (ecmascript).
Did you mean to import CheckCircle2?
All exports of the module are statically known (It doesn't have dynamic exports). So it's known statically that the requested export doesn't exist.

Import trace:
  Server Component:
    ./components/detection-pipeline.tsx
    ./app/page.tsx 
[browser] ./components/detection-pipeline.tsx:4:1
Error: Export checkCircle2 doesn't exist in target module
  2 |
  3 | import { motion } from "framer-motion";
> 4 | import { database, barChart3, brain, checkCircle2 } from "lucide-react";
    | ^^^^^^^^^^^^^^^^^^^^^^^^^^^^^^^^^^^^^^^^^^^^^^^^^^^^^^^^^^^^^^^^^^^^^^^^
  5 | import type { LucideIcon } from "lucide-react";
  6 |
  7 | interface Step {

The export checkCircle2 was not found in module [project]/node_modules/lucide-react/dist/esm/lucide-react.mjs [app-ssr] (ecmascript).
Did you mean to import CheckCircle2?
All exports of the module are statically known (It doesn't have dynamic exports). So it's known statically that the requested export doesn't exist.

Import trace:
  Server Component:
    ./components/detection-pipeline.tsx
    ./app/page.tsx 
[browser] ./components/detection-pipeline.tsx:4:1
Error: Export database doesn't exist in target module
  2 |
  3 | import { motion } from "framer-motion";
> 4 | import { database, barChart3, brain, checkCircle2 } from "lucide-react";
    | ^^^^^^^^^^^^^^^^^^^^^^^^^^^^^^^^^^^^^^^^^^^^^^^^^^^^^^^^^^^^^^^^^^^^^^^^
  5 | import type { LucideIcon } from "lucide-react";
  6 |
  7 | interface Step {

The export database was not found in module [project]/node_modules/lucide-react/dist/esm/lucide-react.mjs [app-client] (ecmascript).
Did you mean to import Database?
All exports of the module are statically known (It doesn't have dynamic exports). So it's known statically that the requested export doesn't exist.

Import trace:
  Server Component:
    ./components/detection-pipeline.tsx
    ./app/page.tsx 
[browser] ./components/detection-pipeline.tsx:4:1
Error: Export database doesn't exist in target module
  2 |
  3 | import { motion } from "framer-motion";
> 4 | import { database, barChart3, brain, checkCircle2 } from "lucide-react";
    | ^^^^^^^^^^^^^^^^^^^^^^^^^^^^^^^^^^^^^^^^^^^^^^^^^^^^^^^^^^^^^^^^^^^^^^^^
  5 | import type { LucideIcon } from "lucide-react";
  6 |
  7 | interface Step {

The export database was not found in module [project]/node_modules/lucide-react/dist/esm/lucide-react.mjs [app-ssr] (ecmascript).
Did you mean to import Database?
All exports of the module are statically known (It doesn't have dynamic exports). So it's known statically that the requested export doesn't exist.

Import trace:
  Server Component:
    ./components/detection-pipeline.tsx
    ./app/page.tsx 
[browser] ./components/detection-pipeline.tsx:4:1
Error: Export barChart3 doesn't exist in target module
  2 |
  3 | import { motion } from "framer-motion";
> 4 | import { database, barChart3, brain, checkCircle2 } from "lucide-react";
    | ^^^^^^^^^^^^^^^^^^^^^^^^^^^^^^^^^^^^^^^^^^^^^^^^^^^^^^^^^^^^^^^^^^^^^^^^
  5 | import type { LucideIcon } from "lucide-react";
  6 |
  7 | interface Step {

The export barChart3 was not found in module [project]/node_modules/lucide-react/dist/esm/lucide-react.mjs [app-client] (ecmascript).
Did you mean to import BarChart3?
All exports of the module are statically known (It doesn't have dynamic exports). So it's known statically that the requested export doesn't exist.

Import trace:
  Server Component:
    ./components/detection-pipeline.tsx
    ./app/page.tsx 
[browser] ./components/detection-pipeline.tsx:4:1
Error: Export barChart3 doesn't exist in target module
  2 |
  3 | import { motion } from "framer-motion";
> 4 | import { database, barChart3, brain, checkCircle2 } from "lucide-react";
    | ^^^^^^^^^^^^^^^^^^^^^^^^^^^^^^^^^^^^^^^^^^^^^^^^^^^^^^^^^^^^^^^^^^^^^^^^
  5 | import type { LucideIcon } from "lucide-react";
  6 |
  7 | interface Step {

The export barChart3 was not found in module [project]/node_modules/lucide-react/dist/esm/lucide-react.mjs [app-ssr] (ecmascript).
Did you mean to import BarChart3?
All exports of the module are statically known (It doesn't have dynamic exports). So it's known statically that the requested export doesn't exist.

Import trace:
  Server Component:
    ./components/detection-pipeline.tsx
    ./app/page.tsx 
[browser] ./components/detection-pipeline.tsx:4:1
Error: Export brain doesn't exist in target module
  2 |
  3 | import { motion } from "framer-motion";
> 4 | import { database, barChart3, brain, checkCircle2 } from "lucide-react";
    | ^^^^^^^^^^^^^^^^^^^^^^^^^^^^^^^^^^^^^^^^^^^^^^^^^^^^^^^^^^^^^^^^^^^^^^^^
  5 | import type { LucideIcon } from "lucide-react";
  6 |
  7 | interface Step {

The export brain was not found in module [project]/node_modules/lucide-react/dist/esm/lucide-react.mjs [app-client] (ecmascript).
Did you mean to import Train?
All exports of the module are statically known (It doesn't have dynamic exports). So it's known statically that the requested export doesn't exist.

Import trace:
  Server Component:
    ./components/detection-pipeline.tsx
    ./app/page.tsx 
[browser] ./components/detection-pipeline.tsx:4:1
Error: Export brain doesn't exist in target module
  2 |
  3 | import { motion } from "framer-motion";
> 4 | import { database, barChart3, brain, checkCircle2 } from "lucide-react";
    | ^^^^^^^^^^^^^^^^^^^^^^^^^^^^^^^^^^^^^^^^^^^^^^^^^^^^^^^^^^^^^^^^^^^^^^^^
  5 | import type { LucideIcon } from "lucide-react";
  6 |
  7 | interface Step {

The export brain was not found in module [project]/node_modules/lucide-react/dist/esm/lucide-react.mjs [app-ssr] (ecmascript).
Did you mean to import Train?
All exports of the module are statically known (It doesn't have dynamic exports). So it's known statically that the requested export doesn't exist.

Import trace:
  Server Component:
    ./components/detection-pipeline.tsx
    ./app/page.tsx 
[browser] ./components/detection-pipeline.tsx:4:1
Error: Export checkCircle2 doesn't exist in target module
  2 |
  3 | import { motion } from "framer-motion";
> 4 | import { database, barChart3, brain, checkCircle2 } from "lucide-react";
    | ^^^^^^^^^^^^^^^^^^^^^^^^^^^^^^^^^^^^^^^^^^^^^^^^^^^^^^^^^^^^^^^^^^^^^^^^
  5 | import type { LucideIcon } from "lucide-react";
  6 |
  7 | interface Step {

The export checkCircle2 was not found in module [project]/node_modules/lucide-react/dist/esm/lucide-react.mjs [app-client] (ecmascript).
Did you mean to import CheckCircle2?
All exports of the module are statically known (It doesn't have dynamic exports). So it's known statically that the requested export doesn't exist.

Import trace:
  Server Component:
    ./components/detection-pipeline.tsx
    ./app/page.tsx 
[browser] ./components/detection-pipeline.tsx:4:1
Error: Export checkCircle2 doesn't exist in target module
  2 |
  3 | import { motion } from "framer-motion";
> 4 | import { database, barChart3, brain, checkCircle2 } from "lucide-react";
    | ^^^^^^^^^^^^^^^^^^^^^^^^^^^^^^^^^^^^^^^^^^^^^^^^^^^^^^^^^^^^^^^^^^^^^^^^
  5 | import type { LucideIcon } from "lucide-react";
  6 |
  7 | interface Step {

The export checkCircle2 was not found in module [project]/node_modules/lucide-react/dist/esm/lucide-react.mjs [app-ssr] (ecmascript).
Did you mean to import CheckCircle2?
All exports of the module are statically known (It doesn't have dynamic exports). So it's known statically that the requested export doesn't exist.

Import trace:
  Server Component:
    ./components/detection-pipeline.tsx
    ./app/page.tsx 
[browser] ./components/detection-pipeline.tsx:4:1
Error: Export database doesn't exist in target module
  2 |
  3 | import { motion } from "framer-motion";
> 4 | import { database, barChart3, brain, checkCircle2 } from "lucide-react";
    | ^^^^^^^^^^^^^^^^^^^^^^^^^^^^^^^^^^^^^^^^^^^^^^^^^^^^^^^^^^^^^^^^^^^^^^^^
  5 | import type { LucideIcon } from "lucide-react";
  6 |
  7 | interface Step {

The export database was not found in module [project]/node_modules/lucide-react/dist/esm/lucide-react.mjs [app-client] (ecmascript).
Did you mean to import Database?
All exports of the module are statically known (It doesn't have dynamic exports). So it's known statically that the requested export doesn't exist.

Import trace:
  Server Component:
    ./components/detection-pipeline.tsx
    ./app/page.tsx 
[browser] ./components/detection-pipeline.tsx:4:1
Error: Export database doesn't exist in target module
  2 |
  3 | import { motion } from "framer-motion";
> 4 | import { database, barChart3, brain, checkCircle2 } from "lucide-react";
    | ^^^^^^^^^^^^^^^^^^^^^^^^^^^^^^^^^^^^^^^^^^^^^^^^^^^^^^^^^^^^^^^^^^^^^^^^
  5 | import type { LucideIcon } from "lucide-react";
  6 |
  7 | interface Step {

The export database was not found in module [project]/node_modules/lucide-react/dist/esm/lucide-react.mjs [app-ssr] (ecmascript).
Did you mean to import Database?
All exports of the module are statically known (It doesn't have dynamic exports). So it's known statically that the requested export doesn't exist.

Import trace:
  Server Component:
    ./components/detection-pipeline.tsx
    ./app/page.tsx 
[browser] ./components/detection-pipeline.tsx:4:1
Error: Export barChart3 doesn't exist in target module
  2 |
  3 | import { motion } from "framer-motion";
> 4 | import { database, barChart3, brain, checkCircle2 } from "lucide-react";
    | ^^^^^^^^^^^^^^^^^^^^^^^^^^^^^^^^^^^^^^^^^^^^^^^^^^^^^^^^^^^^^^^^^^^^^^^^
  5 | import type { LucideIcon } from "lucide-react";
  6 |
  7 | interface Step {

The export barChart3 was not found in module [project]/node_modules/lucide-react/dist/esm/lucide-react.mjs [app-client] (ecmascript).
Did you mean to import BarChart3?
All exports of the module are statically known (It doesn't have dynamic exports). So it's known statically that the requested export doesn't exist.

Import trace:
  Server Component:
    ./components/detection-pipeline.tsx
    ./app/page.tsx 
[browser] ./components/detection-pipeline.tsx:4:1
Error: Export barChart3 doesn't exist in target module
  2 |
  3 | import { motion } from "framer-motion";
> 4 | import { database, barChart3, brain, checkCircle2 } from "lucide-react";
    | ^^^^^^^^^^^^^^^^^^^^^^^^^^^^^^^^^^^^^^^^^^^^^^^^^^^^^^^^^^^^^^^^^^^^^^^^
  5 | import type { LucideIcon } from "lucide-react";
  6 |
  7 | interface Step {

The export barChart3 was not found in module [project]/node_modules/lucide-react/dist/esm/lucide-react.mjs [app-ssr] (ecmascript).
Did you mean to import BarChart3?
All exports of the module are statically known (It doesn't have dynamic exports). So it's known statically that the requested export doesn't exist.

Import trace:
  Server Component:
    ./components/detection-pipeline.tsx
    ./app/page.tsx 
[browser] ./components/detection-pipeline.tsx:4:1
Error: Export brain doesn't exist in target module
  2 |
  3 | import { motion } from "framer-motion";
> 4 | import { database, barChart3, brain, checkCircle2 } from "lucide-react";
    | ^^^^^^^^^^^^^^^^^^^^^^^^^^^^^^^^^^^^^^^^^^^^^^^^^^^^^^^^^^^^^^^^^^^^^^^^
  5 | import type { LucideIcon } from "lucide-react";
  6 |
  7 | interface Step {

The export brain was not found in module [project]/node_modules/lucide-react/dist/esm/lucide-react.mjs [app-client] (ecmascript).
Did you mean to import Train?
All exports of the module are statically known (It doesn't have dynamic exports). So it's known statically that the requested export doesn't exist.

Import trace:
  Server Component:
    ./components/detection-pipeline.tsx
    ./app/page.tsx 
[browser] ./components/detection-pipeline.tsx:4:1
Error: Export brain doesn't exist in target module
  2 |
  3 | import { motion } from "framer-motion";
> 4 | import { database, barChart3, brain, checkCircle2 } from "lucide-react";
    | ^^^^^^^^^^^^^^^^^^^^^^^^^^^^^^^^^^^^^^^^^^^^^^^^^^^^^^^^^^^^^^^^^^^^^^^^
  5 | import type { LucideIcon } from "lucide-react";
  6 |
  7 | interface Step {

The export brain was not found in module [project]/node_modules/lucide-react/dist/esm/lucide-react.mjs [app-ssr] (ecmascript).
Did you mean to import Train?
All exports of the module are statically known (It doesn't have dynamic exports). So it's known statically that the requested export doesn't exist.

Import trace:
  Server Component:
    ./components/detection-pipeline.tsx
    ./app/page.tsx 
[browser] ./components/detection-pipeline.tsx:4:1
Error: Export checkCircle2 doesn't exist in target module
  2 |
  3 | import { motion } from "framer-motion";
> 4 | import { database, barChart3, brain, checkCircle2 } from "lucide-react";
    | ^^^^^^^^^^^^^^^^^^^^^^^^^^^^^^^^^^^^^^^^^^^^^^^^^^^^^^^^^^^^^^^^^^^^^^^^
  5 | import type { LucideIcon } from "lucide-react";
  6 |
  7 | interface Step {

The export checkCircle2 was not found in module [project]/node_modules/lucide-react/dist/esm/lucide-react.mjs [app-client] (ecmascript).
Did you mean to import CheckCircle2?
All exports of the module are statically known (It doesn't have dynamic exports). So it's known statically that the requested export doesn't exist.

Import trace:
  Server Component:
    ./components/detection-pipeline.tsx
    ./app/page.tsx 
[browser] ./components/detection-pipeline.tsx:4:1
Error: Export checkCircle2 doesn't exist in target module
  2 |
  3 | import { motion } from "framer-motion";
> 4 | import { database, barChart3, brain, checkCircle2 } from "lucide-react";
    | ^^^^^^^^^^^^^^^^^^^^^^^^^^^^^^^^^^^^^^^^^^^^^^^^^^^^^^^^^^^^^^^^^^^^^^^^
  5 | import type { LucideIcon } from "lucide-react";
  6 |
  7 | interface Step {

The export checkCircle2 was not found in module [project]/node_modules/lucide-react/dist/esm/lucide-react.mjs [app-ssr] (ecmascript).
Did you mean to import CheckCircle2?
All exports of the module are statically known (It doesn't have dynamic exports). So it's known statically that the requested export doesn't exist.

Import trace:
  Server Component:
    ./components/detection-pipeline.tsx
    ./app/page.tsx 
[browser] ./components/detection-pipeline.tsx:4:1
Error: Export database doesn't exist in target module
  2 |
  3 | import { motion } from "framer-motion";
> 4 | import { database, barChart3, brain, checkCircle2 } from "lucide-react";
    | ^^^^^^^^^^^^^^^^^^^^^^^^^^^^^^^^^^^^^^^^^^^^^^^^^^^^^^^^^^^^^^^^^^^^^^^^
  5 | import type { LucideIcon } from "lucide-react";
  6 |
  7 | interface Step {

The export database was not found in module [project]/node_modules/lucide-react/dist/esm/lucide-react.mjs [app-client] (ecmascript).
Did you mean to import Database?
All exports of the module are statically known (It doesn't have dynamic exports). So it's known statically that the requested export doesn't exist.

Import trace:
  Server Component:
    ./components/detection-pipeline.tsx
    ./app/page.tsx 
[browser] ./components/detection-pipeline.tsx:4:1
Error: Export database doesn't exist in target module
  2 |
  3 | import { motion } from "framer-motion";
> 4 | import { database, barChart3, brain, checkCircle2 } from "lucide-react";
    | ^^^^^^^^^^^^^^^^^^^^^^^^^^^^^^^^^^^^^^^^^^^^^^^^^^^^^^^^^^^^^^^^^^^^^^^^
  5 | import type { LucideIcon } from "lucide-react";
  6 |
  7 | interface Step {

The export database was not found in module [project]/node_modules/lucide-react/dist/esm/lucide-react.mjs [app-ssr] (ecmascript).
Did you mean to import Database?
All exports of the module are statically known (It doesn't have dynamic exports). So it's known statically that the requested export doesn't exist.

Import trace:
  Server Component:
    ./components/detection-pipeline.tsx
    ./app/page.tsx 
[browser] ./components/detection-pipeline.tsx:4:1
Error: Export barChart3 doesn't exist in target module
  2 |
  3 | import { motion } from "framer-motion";
> 4 | import { database, barChart3, brain, checkCircle2 } from "lucide-react";
    | ^^^^^^^^^^^^^^^^^^^^^^^^^^^^^^^^^^^^^^^^^^^^^^^^^^^^^^^^^^^^^^^^^^^^^^^^
  5 | import type { LucideIcon } from "lucide-react";
  6 |
  7 | interface Step {

The export barChart3 was not found in module [project]/node_modules/lucide-react/dist/esm/lucide-react.mjs [app-client] (ecmascript).
Did you mean to import BarChart3?
All exports of the module are statically known (It doesn't have dynamic exports). So it's known statically that the requested export doesn't exist.

Import trace:
  Server Component:
    ./components/detection-pipeline.tsx
    ./app/page.tsx 
[browser] ./components/detection-pipeline.tsx:4:1
Error: Export barChart3 doesn't exist in target module
  2 |
  3 | import { motion } from "framer-motion";
> 4 | import { database, barChart3, brain, checkCircle2 } from "lucide-react";
    | ^^^^^^^^^^^^^^^^^^^^^^^^^^^^^^^^^^^^^^^^^^^^^^^^^^^^^^^^^^^^^^^^^^^^^^^^
  5 | import type { LucideIcon } from "lucide-react";
  6 |
  7 | interface Step {

The export barChart3 was not found in module [project]/node_modules/lucide-react/dist/esm/lucide-react.mjs [app-ssr] (ecmascript).
Did you mean to import BarChart3?
All exports of the module are statically known (It doesn't have dynamic exports). So it's known statically that the requested export doesn't exist.

Import trace:
  Server Component:
    ./components/detection-pipeline.tsx
    ./app/page.tsx 
[browser] ./components/detection-pipeline.tsx:4:1
Error: Export brain doesn't exist in target module
  2 |
  3 | import { motion } from "framer-motion";
> 4 | import { database, barChart3, brain, checkCircle2 } from "lucide-react";
    | ^^^^^^^^^^^^^^^^^^^^^^^^^^^^^^^^^^^^^^^^^^^^^^^^^^^^^^^^^^^^^^^^^^^^^^^^
  5 | import type { LucideIcon } from "lucide-react";
  6 |
  7 | interface Step {

The export brain was not found in module [project]/node_modules/lucide-react/dist/esm/lucide-react.mjs [app-client] (ecmascript).
Did you mean to import Train?
All exports of the module are statically known (It doesn't have dynamic exports). So it's known statically that the requested export doesn't exist.

Import trace:
  Server Component:
    ./components/detection-pipeline.tsx
    ./app/page.tsx 
[browser] ./components/detection-pipeline.tsx:4:1
Error: Export brain doesn't exist in target module
  2 |
  3 | import { motion } from "framer-motion";
> 4 | import { database, barChart3, brain, checkCircle2 } from "lucide-react";
    | ^^^^^^^^^^^^^^^^^^^^^^^^^^^^^^^^^^^^^^^^^^^^^^^^^^^^^^^^^^^^^^^^^^^^^^^^
  5 | import type { LucideIcon } from "lucide-react";
  6 |
  7 | interface Step {

The export brain was not found in module [project]/node_modules/lucide-react/dist/esm/lucide-react.mjs [app-ssr] (ecmascript).
Did you mean to import Train?
All exports of the module are statically known (It doesn't have dynamic exports). So it's known statically that the requested export doesn't exist.

Import trace:
  Server Component:
    ./components/detection-pipeline.tsx
    ./app/page.tsx 
[browser] ./components/detection-pipeline.tsx:4:1
Error: Export checkCircle2 doesn't exist in target module
  2 |
  3 | import { motion } from "framer-motion";
> 4 | import { database, barChart3, brain, checkCircle2 } from "lucide-react";
    | ^^^^^^^^^^^^^^^^^^^^^^^^^^^^^^^^^^^^^^^^^^^^^^^^^^^^^^^^^^^^^^^^^^^^^^^^
  5 | import type { LucideIcon } from "lucide-react";
  6 |
  7 | interface Step {

The export checkCircle2 was not found in module [project]/node_modules/lucide-react/dist/esm/lucide-react.mjs [app-client] (ecmascript).
Did you mean to import CheckCircle2?
All exports of the module are statically known (It doesn't have dynamic exports). So it's known statically that the requested export doesn't exist.

Import trace:
  Server Component:
    ./components/detection-pipeline.tsx
    ./app/page.tsx 
[browser] ./components/detection-pipeline.tsx:4:1
Error: Export checkCircle2 doesn't exist in target module
  2 |
  3 | import { motion } from "framer-motion";
> 4 | import { database, barChart3, brain, checkCircle2 } from "lucide-react";
    | ^^^^^^^^^^^^^^^^^^^^^^^^^^^^^^^^^^^^^^^^^^^^^^^^^^^^^^^^^^^^^^^^^^^^^^^^
  5 | import type { LucideIcon } from "lucide-react";
  6 |
  7 | interface Step {

The export checkCircle2 was not found in module [project]/node_modules/lucide-react/dist/esm/lucide-react.mjs [app-ssr] (ecmascript).
Did you mean to import CheckCircle2?
All exports of the module are statically known (It doesn't have dynamic exports). So it's known statically that the requested export doesn't exist.

Import trace:
  Server Component:
    ./components/detection-pipeline.tsx
    ./app/page.tsx 
[browser] ./components/detection-pipeline.tsx:4:1
Error: Export database doesn't exist in target module
  2 |
  3 | import { motion } from "framer-motion";
> 4 | import { database, barChart3, brain, checkCircle2 } from "lucide-react";
    | ^^^^^^^^^^^^^^^^^^^^^^^^^^^^^^^^^^^^^^^^^^^^^^^^^^^^^^^^^^^^^^^^^^^^^^^^
  5 | import type { LucideIcon } from "lucide-react";
  6 |
  7 | interface Step {

The export database was not found in module [project]/node_modules/lucide-react/dist/esm/lucide-react.mjs [app-client] (ecmascript).
Did you mean to import Database?
All exports of the module are statically known (It doesn't have dynamic exports). So it's known statically that the requested export doesn't exist.

Import trace:
  Server Component:
    ./components/detection-pipeline.tsx
    ./app/page.tsx 
[browser] ./components/detection-pipeline.tsx:4:1
Error: Export database doesn't exist in target module
  2 |
  3 | import { motion } from "framer-motion";
> 4 | import { database, barChart3, brain, checkCircle2 } from "lucide-react";
    | ^^^^^^^^^^^^^^^^^^^^^^^^^^^^^^^^^^^^^^^^^^^^^^^^^^^^^^^^^^^^^^^^^^^^^^^^
  5 | import type { LucideIcon } from "lucide-react";
  6 |
  7 | interface Step {

The export database was not found in module [project]/node_modules/lucide-react/dist/esm/lucide-react.mjs [app-ssr] (ecmascript).
Did you mean to import Database?
All exports of the module are statically known (It doesn't have dynamic exports). So it's known statically that the requested export doesn't exist.

Import trace:
  Server Component:
    ./components/detection-pipeline.tsx
    ./app/page.tsx 
[browser] ./components/detection-pipeline.tsx:4:1
Error: Export barChart3 doesn't exist in target module
  2 |
  3 | import { motion } from "framer-motion";
> 4 | import { database, barChart3, brain, checkCircle2 } from "lucide-react";
    | ^^^^^^^^^^^^^^^^^^^^^^^^^^^^^^^^^^^^^^^^^^^^^^^^^^^^^^^^^^^^^^^^^^^^^^^^
  5 | import type { LucideIcon } from "lucide-react";
  6 |
  7 | interface Step {

The export barChart3 was not found in module [project]/node_modules/lucide-react/dist/esm/lucide-react.mjs [app-client] (ecmascript).
Did you mean to import BarChart3?
All exports of the module are statically known (It doesn't have dynamic exports). So it's known statically that the requested export doesn't exist.

Import trace:
  Server Component:
    ./components/detection-pipeline.tsx
    ./app/page.tsx 
[browser] ./components/detection-pipeline.tsx:4:1
Error: Export barChart3 doesn't exist in target module
  2 |
  3 | import { motion } from "framer-motion";
> 4 | import { database, barChart3, brain, checkCircle2 } from "lucide-react";
    | ^^^^^^^^^^^^^^^^^^^^^^^^^^^^^^^^^^^^^^^^^^^^^^^^^^^^^^^^^^^^^^^^^^^^^^^^
  5 | import type { LucideIcon } from "lucide-react";
  6 |
  7 | interface Step {

The export barChart3 was not found in module [project]/node_modules/lucide-react/dist/esm/lucide-react.mjs [app-ssr] (ecmascript).
Did you mean to import BarChart3?
All exports of the module are statically known (It doesn't have dynamic exports). So it's known statically that the requested export doesn't exist.

Import trace:
  Server Component:
    ./components/detection-pipeline.tsx
    ./app/page.tsx 
[browser] ./components/detection-pipeline.tsx:4:1
Error: Export brain doesn't exist in target module
  2 |
  3 | import { motion } from "framer-motion";
> 4 | import { database, barChart3, brain, checkCircle2 } from "lucide-react";
    | ^^^^^^^^^^^^^^^^^^^^^^^^^^^^^^^^^^^^^^^^^^^^^^^^^^^^^^^^^^^^^^^^^^^^^^^^
  5 | import type { LucideIcon } from "lucide-react";
  6 |
  7 | interface Step {

The export brain was not found in module [project]/node_modules/lucide-react/dist/esm/lucide-react.mjs [app-client] (ecmascript).
Did you mean to import Train?
All exports of the module are statically known (It doesn't have dynamic exports). So it's known statically that the requested export doesn't exist.

Import trace:
  Server Component:
    ./components/detection-pipeline.tsx
    ./app/page.tsx 
[browser] ./components/detection-pipeline.tsx:4:1
Error: Export brain doesn't exist in target module
  2 |
  3 | import { motion } from "framer-motion";
> 4 | import { database, barChart3, brain, checkCircle2 } from "lucide-react";
    | ^^^^^^^^^^^^^^^^^^^^^^^^^^^^^^^^^^^^^^^^^^^^^^^^^^^^^^^^^^^^^^^^^^^^^^^^
  5 | import type { LucideIcon } from "lucide-react";
  6 |
  7 | interface Step {

The export brain was not found in module [project]/node_modules/lucide-react/dist/esm/lucide-react.mjs [app-ssr] (ecmascript).
Did you mean to import Train?
All exports of the module are statically known (It doesn't have dynamic exports). So it's known statically that the requested export doesn't exist.

Import trace:
  Server Component:
    ./components/detection-pipeline.tsx
    ./app/page.tsx 
[browser] ./components/detection-pipeline.tsx:4:1
Error: Export checkCircle2 doesn't exist in target module
  2 |
  3 | import { motion } from "framer-motion";
> 4 | import { database, barChart3, brain, checkCircle2 } from "lucide-react";
    | ^^^^^^^^^^^^^^^^^^^^^^^^^^^^^^^^^^^^^^^^^^^^^^^^^^^^^^^^^^^^^^^^^^^^^^^^
  5 | import type { LucideIcon } from "lucide-react";
  6 |
  7 | interface Step {

The export checkCircle2 was not found in module [project]/node_modules/lucide-react/dist/esm/lucide-react.mjs [app-client] (ecmascript).
Did you mean to import CheckCircle2?
All exports of the module are statically known (It doesn't have dynamic exports). So it's known statically that the requested export doesn't exist.

Import trace:
  Server Component:
    ./components/detection-pipeline.tsx
    ./app/page.tsx 
[browser] ./components/detection-pipeline.tsx:4:1
Error: Export checkCircle2 doesn't exist in target module
  2 |
  3 | import { motion } from "framer-motion";
> 4 | import { database, barChart3, brain, checkCircle2 } from "lucide-react";
    | ^^^^^^^^^^^^^^^^^^^^^^^^^^^^^^^^^^^^^^^^^^^^^^^^^^^^^^^^^^^^^^^^^^^^^^^^
  5 | import type { LucideIcon } from "lucide-react";
  6 |
  7 | interface Step {

The export checkCircle2 was not found in module [project]/node_modules/lucide-react/dist/esm/lucide-react.mjs [app-ssr] (ecmascript).
Did you mean to import CheckCircle2?
All exports of the module are statically known (It doesn't have dynamic exports). So it's known statically that the requested export doesn't exist.

Import trace:
  Server Component:
    ./components/detection-pipeline.tsx
    ./app/page.tsx 
[browser] ./components/detection-pipeline.tsx:4:1
Error: Export database doesn't exist in target module
  2 |
  3 | import { motion } from "framer-motion";
> 4 | import { database, barChart3, brain, checkCircle2 } from "lucide-react";
    | ^^^^^^^^^^^^^^^^^^^^^^^^^^^^^^^^^^^^^^^^^^^^^^^^^^^^^^^^^^^^^^^^^^^^^^^^
  5 | import type { LucideIcon } from "lucide-react";
  6 |
  7 | interface Step {

The export database was not found in module [project]/node_modules/lucide-react/dist/esm/lucide-react.mjs [app-client] (ecmascript).
Did you mean to import Database?
All exports of the module are statically known (It doesn't have dynamic exports). So it's known statically that the requested export doesn't exist.

Import trace:
  Server Component:
    ./components/detection-pipeline.tsx
    ./app/page.tsx 
[browser] ./components/detection-pipeline.tsx:4:1
Error: Export database doesn't exist in target module
  2 |
  3 | import { motion } from "framer-motion";
> 4 | import { database, barChart3, brain, checkCircle2 } from "lucide-react";
    | ^^^^^^^^^^^^^^^^^^^^^^^^^^^^^^^^^^^^^^^^^^^^^^^^^^^^^^^^^^^^^^^^^^^^^^^^
  5 | import type { LucideIcon } from "lucide-react";
  6 |
  7 | interface Step {

The export database was not found in module [project]/node_modules/lucide-react/dist/esm/lucide-react.mjs [app-ssr] (ecmascript).
Did you mean to import Database?
All exports of the module are statically known (It doesn't have dynamic exports). So it's known statically that the requested export doesn't exist.

Import trace:
  Server Component:
    ./components/detection-pipeline.tsx
    ./app/page.tsx 
[browser] ./components/detection-pipeline.tsx:4:1
Error: Export barChart3 doesn't exist in target module
  2 |
  3 | import { motion } from "framer-motion";
> 4 | import { database, barChart3, brain, checkCircle2 } from "lucide-react";
    | ^^^^^^^^^^^^^^^^^^^^^^^^^^^^^^^^^^^^^^^^^^^^^^^^^^^^^^^^^^^^^^^^^^^^^^^^
  5 | import type { LucideIcon } from "lucide-react";
  6 |
  7 | interface Step {

The export barChart3 was not found in module [project]/node_modules/lucide-react/dist/esm/lucide-react.mjs [app-client] (ecmascript).
Did you mean to import BarChart3?
All exports of the module are statically known (It doesn't have dynamic exports). So it's known statically that the requested export doesn't exist.

Import trace:
  Server Component:
    ./components/detection-pipeline.tsx
    ./app/page.tsx 
[browser] ./components/detection-pipeline.tsx:4:1
Error: Export barChart3 doesn't exist in target module
  2 |
  3 | import { motion } from "framer-motion";
> 4 | import { database, barChart3, brain, checkCircle2 } from "lucide-react";
    | ^^^^^^^^^^^^^^^^^^^^^^^^^^^^^^^^^^^^^^^^^^^^^^^^^^^^^^^^^^^^^^^^^^^^^^^^
  5 | import type { LucideIcon } from "lucide-react";
  6 |
  7 | interface Step {

The export barChart3 was not found in module [project]/node_modules/lucide-react/dist/esm/lucide-react.mjs [app-ssr] (ecmascript).
Did you mean to import BarChart3?
All exports of the module are statically known (It doesn't have dynamic exports). So it's known statically that the requested export doesn't exist.

Import trace:
  Server Component:
    ./components/detection-pipeline.tsx
    ./app/page.tsx 
[browser] ./components/detection-pipeline.tsx:4:1
Error: Export brain doesn't exist in target module
  2 |
  3 | import { motion } from "framer-motion";
> 4 | import { database, barChart3, brain, checkCircle2 } from "lucide-react";
    | ^^^^^^^^^^^^^^^^^^^^^^^^^^^^^^^^^^^^^^^^^^^^^^^^^^^^^^^^^^^^^^^^^^^^^^^^
  5 | import type { LucideIcon } from "lucide-react";
  6 |
  7 | interface Step {

The export brain was not found in module [project]/node_modules/lucide-react/dist/esm/lucide-react.mjs [app-client] (ecmascript).
Did you mean to import Train?
All exports of the module are statically known (It doesn't have dynamic exports). So it's known statically that the requested export doesn't exist.

Import trace:
  Server Component:
    ./components/detection-pipeline.tsx
    ./app/page.tsx 
[browser] ./components/detection-pipeline.tsx:4:1
Error: Export brain doesn't exist in target module
  2 |
  3 | import { motion } from "framer-motion";
> 4 | import { database, barChart3, brain, checkCircle2 } from "lucide-react";
    | ^^^^^^^^^^^^^^^^^^^^^^^^^^^^^^^^^^^^^^^^^^^^^^^^^^^^^^^^^^^^^^^^^^^^^^^^
  5 | import type { LucideIcon } from "lucide-react";
  6 |
  7 | interface Step {

The export brain was not found in module [project]/node_modules/lucide-react/dist/esm/lucide-react.mjs [app-ssr] (ecmascript).
Did you mean to import Train?
All exports of the module are statically known (It doesn't have dynamic exports). So it's known statically that the requested export doesn't exist.

Import trace:
  Server Component:
    ./components/detection-pipeline.tsx
    ./app/page.tsx 
[browser] ./components/detection-pipeline.tsx:4:1
Error: Export checkCircle2 doesn't exist in target module
  2 |
  3 | import { motion } from "framer-motion";
> 4 | import { database, barChart3, brain, checkCircle2 } from "lucide-react";
    | ^^^^^^^^^^^^^^^^^^^^^^^^^^^^^^^^^^^^^^^^^^^^^^^^^^^^^^^^^^^^^^^^^^^^^^^^
  5 | import type { LucideIcon } from "lucide-react";
  6 |
  7 | interface Step {

The export checkCircle2 was not found in module [project]/node_modules/lucide-react/dist/esm/lucide-react.mjs [app-client] (ecmascript).
Did you mean to import CheckCircle2?
All exports of the module are statically known (It doesn't have dynamic exports). So it's known statically that the requested export doesn't exist.

Import trace:
  Server Component:
    ./components/detection-pipeline.tsx
    ./app/page.tsx 
[browser] ./components/detection-pipeline.tsx:4:1
Error: Export checkCircle2 doesn't exist in target module
  2 |
  3 | import { motion } from "framer-motion";
> 4 | import { database, barChart3, brain, checkCircle2 } from "lucide-react";
    | ^^^^^^^^^^^^^^^^^^^^^^^^^^^^^^^^^^^^^^^^^^^^^^^^^^^^^^^^^^^^^^^^^^^^^^^^
  5 | import type { LucideIcon } from "lucide-react";
  6 |
  7 | interface Step {

The export checkCircle2 was not found in module [project]/node_modules/lucide-react/dist/esm/lucide-react.mjs [app-ssr] (ecmascript).
Did you mean to import CheckCircle2?
All exports of the module are statically known (It doesn't have dynamic exports). So it's known statically that the requested export doesn't exist.

Import trace:
  Server Component:
    ./components/detection-pipeline.tsx
    ./app/page.tsx 
[browser] ./components/detection-pipeline.tsx:4:1
Error: Export database doesn't exist in target module
  2 |
  3 | import { motion } from "framer-motion";
> 4 | import { database, barChart3, brain, checkCircle2 } from "lucide-react";
    | ^^^^^^^^^^^^^^^^^^^^^^^^^^^^^^^^^^^^^^^^^^^^^^^^^^^^^^^^^^^^^^^^^^^^^^^^
  5 | import type { LucideIcon } from "lucide-react";
  6 |
  7 | interface Step {

The export database was not found in module [project]/node_modules/lucide-react/dist/esm/lucide-react.mjs [app-client] (ecmascript).
Did you mean to import Database?
All exports of the module are statically known (It doesn't have dynamic exports). So it's known statically that the requested export doesn't exist.

Import trace:
  Server Component:
    ./components/detection-pipeline.tsx
    ./app/page.tsx 
[browser] ./components/detection-pipeline.tsx:4:1
Error: Export database doesn't exist in target module
  2 |
  3 | import { motion } from "framer-motion";
> 4 | import { database, barChart3, brain, checkCircle2 } from "lucide-react";
    | ^^^^^^^^^^^^^^^^^^^^^^^^^^^^^^^^^^^^^^^^^^^^^^^^^^^^^^^^^^^^^^^^^^^^^^^^
  5 | import type { LucideIcon } from "lucide-react";
  6 |
  7 | interface Step {

The export database was not found in module [project]/node_modules/lucide-react/dist/esm/lucide-react.mjs [app-ssr] (ecmascript).
Did you mean to import Database?
All exports of the module are statically known (It doesn't have dynamic exports). So it's known statically that the requested export doesn't exist.

Import trace:
  Server Component:
    ./components/detection-pipeline.tsx
    ./app/page.tsx 
[browser] ./components/detection-pipeline.tsx:4:1
Error: Export barChart3 doesn't exist in target module
  2 |
  3 | import { motion } from "framer-motion";
> 4 | import { database, barChart3, brain, checkCircle2 } from "lucide-react";
    | ^^^^^^^^^^^^^^^^^^^^^^^^^^^^^^^^^^^^^^^^^^^^^^^^^^^^^^^^^^^^^^^^^^^^^^^^
  5 | import type { LucideIcon } from "lucide-react";
  6 |
  7 | interface Step {

The export barChart3 was not found in module [project]/node_modules/lucide-react/dist/esm/lucide-react.mjs [app-client] (ecmascript).
Did you mean to import BarChart3?
All exports of the module are statically known (It doesn't have dynamic exports). So it's known statically that the requested export doesn't exist.

Import trace:
  Server Component:
    ./components/detection-pipeline.tsx
    ./app/page.tsx 
[browser] ./components/detection-pipeline.tsx:4:1
Error: Export barChart3 doesn't exist in target module
  2 |
  3 | import { motion } from "framer-motion";
> 4 | import { database, barChart3, brain, checkCircle2 } from "lucide-react";
    | ^^^^^^^^^^^^^^^^^^^^^^^^^^^^^^^^^^^^^^^^^^^^^^^^^^^^^^^^^^^^^^^^^^^^^^^^
  5 | import type { LucideIcon } from "lucide-react";
  6 |
  7 | interface Step {

The export barChart3 was not found in module [project]/node_modules/lucide-react/dist/esm/lucide-react.mjs [app-ssr] (ecmascript).
Did you mean to import BarChart3?
All exports of the module are statically known (It doesn't have dynamic exports). So it's known statically that the requested export doesn't exist.

Import trace:
  Server Component:
    ./components/detection-pipeline.tsx
    ./app/page.tsx 
[browser] ./components/detection-pipeline.tsx:4:1
Error: Export brain doesn't exist in target module
  2 |
  3 | import { motion } from "framer-motion";
> 4 | import { database, barChart3, brain, checkCircle2 } from "lucide-react";
    | ^^^^^^^^^^^^^^^^^^^^^^^^^^^^^^^^^^^^^^^^^^^^^^^^^^^^^^^^^^^^^^^^^^^^^^^^
  5 | import type { LucideIcon } from "lucide-react";
  6 |
  7 | interface Step {

The export brain was not found in module [project]/node_modules/lucide-react/dist/esm/lucide-react.mjs [app-client] (ecmascript).
Did you mean to import Train?
All exports of the module are statically known (It doesn't have dynamic exports). So it's known statically that the requested export doesn't exist.

Import trace:
  Server Component:
    ./components/detection-pipeline.tsx
    ./app/page.tsx 
[browser] ./components/detection-pipeline.tsx:4:1
Error: Export brain doesn't exist in target module
  2 |
  3 | import { motion } from "framer-motion";
> 4 | import { database, barChart3, brain, checkCircle2 } from "lucide-react";
    | ^^^^^^^^^^^^^^^^^^^^^^^^^^^^^^^^^^^^^^^^^^^^^^^^^^^^^^^^^^^^^^^^^^^^^^^^
  5 | import type { LucideIcon } from "lucide-react";
  6 |
  7 | interface Step {

The export brain was not found in module [project]/node_modules/lucide-react/dist/esm/lucide-react.mjs [app-ssr] (ecmascript).
Did you mean to import Train?
All exports of the module are statically known (It doesn't have dynamic exports). So it's known statically that the requested export doesn't exist.

Import trace:
  Server Component:
    ./components/detection-pipeline.tsx
    ./app/page.tsx 
[browser] ./components/detection-pipeline.tsx:4:1
Error: Export checkCircle2 doesn't exist in target module
  2 |
  3 | import { motion } from "framer-motion";
> 4 | import { database, barChart3, brain, checkCircle2 } from "lucide-react";
    | ^^^^^^^^^^^^^^^^^^^^^^^^^^^^^^^^^^^^^^^^^^^^^^^^^^^^^^^^^^^^^^^^^^^^^^^^
  5 | import type { LucideIcon } from "lucide-react";
  6 |
  7 | interface Step {

The export checkCircle2 was not found in module [project]/node_modules/lucide-react/dist/esm/lucide-react.mjs [app-client] (ecmascript).
Did you mean to import CheckCircle2?
All exports of the module are statically known (It doesn't have dynamic exports). So it's known statically that the requested export doesn't exist.

Import trace:
  Server Component:
    ./components/detection-pipeline.tsx
    ./app/page.tsx 
[browser] ./components/detection-pipeline.tsx:4:1
Error: Export checkCircle2 doesn't exist in target module
  2 |
  3 | import { motion } from "framer-motion";
> 4 | import { database, barChart3, brain, checkCircle2 } from "lucide-react";
    | ^^^^^^^^^^^^^^^^^^^^^^^^^^^^^^^^^^^^^^^^^^^^^^^^^^^^^^^^^^^^^^^^^^^^^^^^
  5 | import type { LucideIcon } from "lucide-react";
  6 |
  7 | interface Step {

The export checkCircle2 was not found in module [project]/node_modules/lucide-react/dist/esm/lucide-react.mjs [app-ssr] (ecmascript).
Did you mean to import CheckCircle2?
All exports of the module are statically known (It doesn't have dynamic exports). So it's known statically that the requested export doesn't exist.

Import trace:
  Server Component:
    ./components/detection-pipeline.tsx
    ./app/page.tsx 
[browser] ./components/detection-pipeline.tsx:4:1
Error: Export database doesn't exist in target module
  2 |
  3 | import { motion } from "framer-motion";
> 4 | import { database, barChart3, brain, checkCircle2 } from "lucide-react";
    | ^^^^^^^^^^^^^^^^^^^^^^^^^^^^^^^^^^^^^^^^^^^^^^^^^^^^^^^^^^^^^^^^^^^^^^^^
  5 | import type { LucideIcon } from "lucide-react";
  6 |
  7 | interface Step {

The export database was not found in module [project]/node_modules/lucide-react/dist/esm/lucide-react.mjs [app-client] (ecmascript).
Did you mean to import Database?
All exports of the module are statically known (It doesn't have dynamic exports). So it's known statically that the requested export doesn't exist.

Import trace:
  Server Component:
    ./components/detection-pipeline.tsx
    ./app/page.tsx 
[browser] ./components/detection-pipeline.tsx:4:1
Error: Export database doesn't exist in target module
  2 |
  3 | import { motion } from "framer-motion";
> 4 | import { database, barChart3, brain, checkCircle2 } from "lucide-react";
    | ^^^^^^^^^^^^^^^^^^^^^^^^^^^^^^^^^^^^^^^^^^^^^^^^^^^^^^^^^^^^^^^^^^^^^^^^
  5 | import type { LucideIcon } from "lucide-react";
  6 |
  7 | interface Step {

The export database was not found in module [project]/node_modules/lucide-react/dist/esm/lucide-react.mjs [app-ssr] (ecmascript).
Did you mean to import Database?
All exports of the module are statically known (It doesn't have dynamic exports). So it's known statically that the requested export doesn't exist.

Import trace:
  Server Component:
    ./components/detection-pipeline.tsx
    ./app/page.tsx 
[browser] A tree hydrated but some attributes of the server rendered HTML didn't match the client properties. This won't be patched up. This can happen if a SSR-ed Client Component used:

- A server/client branch `if (typeof window !== 'undefined')`.
- Variable input such as `Date.now()` or `Math.random()` which changes each time it's called.
- Date formatting in a user's locale which doesn't match the server.
- External changing data without sending a snapshot of it along with the HTML.
- Invalid HTML tag nesting.

It can also happen if the client has a browser extension installed which messes with the HTML before React loaded.

https://react.dev/link/hydration-mismatch

  ...
    <RedirectErrorBoundary router={{...}}>
      <InnerLayoutRouter url="/#candidates" tree={[...]} params={{}} cacheNode={{rsc:{...}, ...}} segmentPath={[...]} ...>
        <SegmentViewNode type="page" pagePath="page.tsx">
          <SegmentTrieNode>
          <Home>
            <Navbar>
            <main className="flex flex-col">
              <Hero>
              <LightCurveUpload>
              <DetectionPipeline>
              <DashboardPreview>
              <ExplainableAI>
                <section id="explainabi..." className="border-b b...">
                  <div className="mx-auto ma...">
                    <div>
                    <div className="grid gap-4...">
                      <div>
                      <div className="flex flex-...">
                        <div>
                        <div className="rounded-lg...">
                          <div>
                          <div className="rounded bo...">
                            <div className="flex gap-0.5">
                              <div
                                className="h-8 w-1 rounded-sm bg-[var(--muted-foreground)]"
                                style={{
+                                 opacity: 0.03753014184507432
-                                 opacity: "0.0481666"
+                                 backgroundColor: "rgba(107, 114, 128, 0.12)"
-                                 background-color: "rgba(107, 114, 128, 0.12)"
                                }}
                              >
                              <div
                                className="h-8 w-1 rounded-sm bg-[var(--muted-foreground)]"
                                style={{
+                                 opacity: 0.029191836726179102
-                                 opacity: "0.0124802"
+                                 backgroundColor: "rgba(107, 114, 128, 0.12)"
-                                 background-color: "rgba(107, 114, 128, 0.12)"
                                }}
                              >
                              <div
                                className="h-8 w-1 rounded-sm bg-[var(--muted-foreground)]"
                                style={{
+                                 opacity: 0.05104445843075676
-                                 opacity: "0.0404837"
+                                 backgroundColor: "rgba(107, 114, 128, 0.12)"
-                                 background-color: "rgba(107, 114, 128, 0.12)"
                                }}
                              >
                              <div
                                className="h-8 w-1 rounded-sm bg-[var(--muted-foreground)]"
                                style={{
+                                 opacity: 0.04693247871230353
-                                 opacity: "0.0191694"
+                                 backgroundColor: "rgba(107, 114, 128, 0.12)"
-                                 background-color: "rgba(107, 114, 128, 0.12)"
                                }}
                              >
                              <div
                                className="h-8 w-1 rounded-sm bg-[var(--muted-foreground)]"
                                style={{
+                                 opacity: 0.06933088276874388
-                                 opacity: "0.0211677"
+                                 backgroundColor: "rgba(107, 114, 128, 0.12)"
-                                 background-color: "rgba(107, 114, 128, 0.12)"
                                }}
                              >
                              <div
                                className="h-8 w-1 rounded-sm bg-[var(--muted-foreground)]"
                                style={{
+                                 opacity: 0.04783607022806531
-                                 opacity: "0.0447472"
+                                 backgroundColor: "rgba(107, 114, 128, 0.12)"
-                                 background-color: "rgba(107, 114, 128, 0.12)"
                                }}
                              >
                              <div
                                className="h-8 w-1 rounded-sm bg-[var(--muted-foreground)]"
                                style={{
+                                 opacity: 0.056347280227529745
-                                 opacity: "0.0134149"
+                                 backgroundColor: "rgba(107, 114, 128, 0.12)"
-                                 background-color: "rgba(107, 114, 128, 0.12)"
                                }}
                              >
                              <div
                                className="h-8 w-1 rounded-sm bg-[var(--muted-foreground)]"
                                style={{
+                                 opacity: 0.017102285545264224
-                                 opacity: "0.0648745"
+                                 backgroundColor: "rgba(107, 114, 128, 0.12)"
-                                 background-color: "rgba(107, 114, 128, 0.12)"
                                }}
                              >
                              <div
                                className="h-8 w-1 rounded-sm bg-[var(--muted-foreground)]"
                                style={{
+                                 opacity: 0.06418418981422652
-                                 opacity: "0.0298351"
+                                 backgroundColor: "rgba(107, 114, 128, 0.12)"
-                                 background-color: "rgba(107, 114, 128, 0.12)"
                                }}
                              >
                              <div
                                className="h-8 w-1 rounded-sm bg-[var(--muted-foreground)]"
                                style={{
+                                 opacity: 0.02829977857845154
-                                 opacity: "0.0607947"
+                                 backgroundColor: "rgba(107, 114, 128, 0.12)"
-                                 background-color: "rgba(107, 114, 128, 0.12)"
                                }}
                              >
                              <div
                                className="h-8 w-1 rounded-sm bg-[var(--muted-foreground)]"
                                style={{
+                                 opacity: 0.023438469265213188
-                                 opacity: "0.0585136"
+                                 backgroundColor: "rgba(107, 114, 128, 0.12)"
-                                 background-color: "rgba(107, 114, 128, 0.12)"
                                }}
                              >
                              <div
                                className="h-8 w-1 rounded-sm bg-[var(--muted-foreground)]"
                                style={{
+                                 opacity: 0.034239043556622696
-                                 opacity: "0.0324324"
+                                 backgroundColor: "rgba(107, 114, 128, 0.12)"
-                                 background-color: "rgba(107, 114, 128, 0.12)"
                                }}
                              >
                              <div
                                className="h-8 w-1 rounded-sm bg-[var(--muted-foreground)]"
                                style={{
+                                 opacity: 0.040016257246066396
-                                 opacity: "0.0186621"
+                                 backgroundColor: "rgba(107, 114, 128, 0.12)"
-                                 background-color: "rgba(107, 114, 128, 0.12)"
                                }}
                              >
                              <div
                                className="h-8 w-1 rounded-sm bg-[var(--muted-foreground)]"
                                style={{
+                                 opacity: 0.021089467679602382
-                                 opacity: "0.0491483"
+                                 backgroundColor: "rgba(107, 114, 128, 0.12)"
-                                 background-color: "rgba(107, 114, 128, 0.12)"
                                }}
                              >
                              <div
                                className="h-8 w-1 rounded-sm bg-[var(--muted-foreground)]"
                                style={{
+                                 opacity: 0.04767606616845715
-                                 opacity: "0.053628"
+                                 backgroundColor: "rgba(107, 114, 128, 0.12)"
-                                 background-color: "rgba(107, 114, 128, 0.12)"
                                }}
                              >
                              <div
                                className="h-8 w-1 rounded-sm bg-[var(--muted-foreground)]"
                                style={{
+                                 opacity: 0.03788732542961821
-                                 opacity: "0.0422074"
+                                 backgroundColor: "rgba(107, 114, 128, 0.12)"
-                                 background-color: "rgba(107, 114, 128, 0.12)"
                                }}
                              >
                              <div
                                className="h-8 w-1 rounded-sm bg-[var(--muted-foreground)]"
                                style={{
+                                 opacity: 0.01389171217686326
-                                 opacity: "0.0144492"
+                                 backgroundColor: "rgba(107, 114, 128, 0.12)"
-                                 background-color: "rgba(107, 114, 128, 0.12)"
                                }}
                              >
                              <div
                                className="h-8 w-1 rounded-sm bg-[var(--muted-foreground)]"
                                style={{
+                                 opacity: 0.05718410187961802
-                                 opacity: "0.0426603"
+                                 backgroundColor: "rgba(107, 114, 128, 0.12)"
-                                 background-color: "rgba(107, 114, 128, 0.12)"
                                }}
                              >
                              <div
                                className="h-8 w-1 rounded-sm bg-[var(--muted-foreground)]"
                                style={{
+                                 opacity: 0.06181797111573969
-                                 opacity: "0.0546118"
+                                 backgroundColor: "rgba(107, 114, 128, 0.12)"
-                                 background-color: "rgba(107, 114, 128, 0.12)"
                                }}
                              >
                              <div
                                className="h-8 w-1 rounded-sm bg-[var(--muted-foreground)]"
                                style={{
+                                 opacity: 0.057534177327352054
-                                 opacity: "0.0235391"
+                                 backgroundColor: "rgba(107, 114, 128, 0.12)"
-                                 background-color: "rgba(107, 114, 128, 0.12)"
                                }}
                              >
                              <div
                                className="h-8 w-1 rounded-sm bg-[var(--muted-foreground)]"
                                style={{
+                                 opacity: 0.0311124908938539
-                                 opacity: "0.0360965"
+                                 backgroundColor: "rgba(107, 114, 128, 0.12)"
-                                 background-color: "rgba(107, 114, 128, 0.12)"
                                }}
                              >
                              <div
                                className="h-8 w-1 rounded-sm bg-[var(--muted-foreground)]"
                                style={{
+                                 opacity: 0.05940489137618083
-                                 opacity: "0.0594981"
+                                 backgroundColor: "rgba(107, 114, 128, 0.12)"
-                                 background-color: "rgba(107, 114, 128, 0.12)"
                                }}
                              >
                              <div
                                className="h-8 w-1 rounded-sm bg-[var(--muted-foreground)]"
                                style={{
+                                 opacity: 0.02687429219958725
-                                 opacity: "0.0231874"
+                                 backgroundColor: "rgba(107, 114, 128, 0.12)"
-                                 background-color: "rgba(107, 114, 128, 0.12)"
                                }}
                              >
                              <div
                                className="h-8 w-1 rounded-sm bg-[var(--muted-foreground)]"
                                style={{
+                                 opacity: 0.06293194132704903
-                                 opacity: "0.0677094"
+                                 backgroundColor: "rgba(107, 114, 128, 0.12)"
-                                 background-color: "rgba(107, 114, 128, 0.12)"
                                }}
                              >
                              <div
                                className="h-8 w-1 rounded-sm bg-[var(--primary)]"
                                style={{
+                                 opacity: 0.7919978176194006
-                                 opacity: "0.936659"
+                                 backgroundColor: "rgba(37, 99, 235, 0.9)"
-                                 background-color: "rgba(37, 99, 235, 0.9)"
                                }}
                              >
                              <div
                                className="h-8 w-1 rounded-sm bg-[var(--primary)]"
                                style={{
+                                 opacity: 0.9136881324892727
-                                 opacity: "0.76294"
+                                 backgroundColor: "rgba(37, 99, 235, 0.9)"
-                                 background-color: "rgba(37, 99, 235, 0.9)"
                                }}
                              >
                              <div
                                className="h-8 w-1 rounded-sm bg-[var(--primary)]"
                                style={{
+                                 opacity: 0.9387279666627206
-                                 opacity: "0.910698"
+                                 backgroundColor: "rgba(37, 99, 235, 0.9)"
-                                 background-color: "rgba(37, 99, 235, 0.9)"
                                }}
                              >
                              <div
                                className="h-8 w-1 rounded-sm bg-[var(--primary)]"
                                style={{
+                                 opacity: 0.9480142362012398
-                                 opacity: "0.929655"
+                                 backgroundColor: "rgba(37, 99, 235, 0.9)"
-                                 background-color: "rgba(37, 99, 235, 0.9)"
                                }}
                              >
                              <div
                                className="h-8 w-1 rounded-sm bg-[var(--primary)]"
                                style={{
+                                 opacity: 0.9335281007164569
-                                 opacity: "0.911947"
+                                 backgroundColor: "rgba(37, 99, 235, 0.9)"
-                                 background-color: "rgba(37, 99, 235, 0.9)"
                                }}
                              >
                              <div
                                className="h-8 w-1 rounded-sm bg-[var(--primary)]"
                                style={{
+                                 opacity: 0.8622415533618604
-                                 opacity: "0.870548"
+                                 backgroundColor: "rgba(37, 99, 235, 0.9)"
-                                 background-color: "rgba(37, 99, 235, 0.9)"
                                }}
                              >
                              <div
                                className="h-8 w-1 rounded-sm bg-[var(--primary)]"
                                style={{
+                                 opacity: 0.6849881266325322
-                                 opacity: "0.728636"
+                                 backgroundColor: "rgba(37, 99, 235, 0.9)"
-                                 background-color: "rgba(37, 99, 235, 0.9)"
                                }}
                              >
                              <div
                                className="h-8 w-1 rounded-sm bg-[var(--primary)]"
                                style={{
+                                 opacity: 0.7058806242134009
-                                 opacity: "0.77174"
+                                 backgroundColor: "rgba(37, 99, 235, 0.9)"
-                                 background-color: "rgba(37, 99, 235, 0.9)"
                                }}
                              >
                              <div
                                className="h-8 w-1 rounded-sm bg-[var(--primary)]"
                                style={{
+                                 opacity: 0.9106683770170729
-                                 opacity: "0.936541"
+                                 backgroundColor: "rgba(37, 99, 235, 0.9)"
-                                 background-color: "rgba(37, 99, 235, 0.9)"
                                }}
                              >
                              <div
                                className="h-8 w-1 rounded-sm bg-[var(--primary)]"
                                style={{
+                                 opacity: 0.7278330271784454
-                                 opacity: "0.794586"
+                                 backgroundColor: "rgba(37, 99, 235, 0.9)"
-                                 background-color: "rgba(37, 99, 235, 0.9)"
                                }}
                              >
                              <div
                                className="h-8 w-1 rounded-sm bg-[var(--primary)]"
                                style={{
+                                 opacity: 0.8498004668600585
-                                 opacity: "0.92185"
+                                 backgroundColor: "rgba(37, 99, 235, 0.9)"
-                                 background-color: "rgba(37, 99, 235, 0.9)"
                                }}
                              >
                              <div
                                className="h-8 w-1 rounded-sm bg-[var(--primary)]"
                                style={{
+                                 opacity: 0.6972718966872805
-                                 opacity: "0.635067"
+                                 backgroundColor: "rgba(37, 99, 235, 0.9)"
-                                 background-color: "rgba(37, 99, 235, 0.9)"
                                }}
                              >
                              <div
                                className="h-8 w-1 rounded-sm bg-[var(--primary)]"
                                style={{
+                                 opacity: 0.6188504038650563
-                                 opacity: "0.661667"
+                                 backgroundColor: "rgba(37, 99, 235, 0.9)"
-                                 background-color: "rgba(37, 99, 235, 0.9)"
                                }}
                              >
                              <div
                                className="h-8 w-1 rounded-sm bg-[var(--muted-foreground)]"
                                style={{
+                                 opacity: 0.03205418016668207
-                                 opacity: "0.0345004"
+                                 backgroundColor: "rgba(107, 114, 128, 0.12)"
-                                 background-color: "rgba(107, 114, 128, 0.12)"
                                }}
                              >
                              <div
                                className="h-8 w-1 rounded-sm bg-[var(--muted-foreground)]"
                                style={{
+                                 opacity: 0.052399137916646625
-                                 opacity: "0.0291072"
+                                 backgroundColor: "rgba(107, 114, 128, 0.12)"
-                                 background-color: "rgba(107, 114, 128, 0.12)"
                                }}
                              >
                              <div
                                className="h-8 w-1 rounded-sm bg-[var(--muted-foreground)]"
                                style={{
+                                 opacity: 0.022637713677219288
-                                 opacity: "0.0565974"
+                                 backgroundColor: "rgba(107, 114, 128, 0.12)"
-                                 background-color: "rgba(107, 114, 128, 0.12)"
                                }}
                              >
                              <div
                                className="h-8 w-1 rounded-sm bg-[var(--muted-foreground)]"
                                style={{
+                                 opacity: 0.06359704972913448
-                                 opacity: "0.0401234"
+                                 backgroundColor: "rgba(107, 114, 128, 0.12)"
-                                 background-color: "rgba(107, 114, 128, 0.12)"
                                }}
                              >
                              <div
                                className="h-8 w-1 rounded-sm bg-[var(--muted-foreground)]"
                                style={{
+                                 opacity: 0.0320134694039195
-                                 opacity: "0.0261544"
+                                 backgroundColor: "rgba(107, 114, 128, 0.12)"
-                                 background-color: "rgba(107, 114, 128, 0.12)"
                                }}
                              >
                              <div
                                className="h-8 w-1 rounded-sm bg-[var(--muted-foreground)]"
                                style={{
+                                 opacity: 0.011401811267869029
-                                 opacity: "0.0476916"
+                                 backgroundColor: "rgba(107, 114, 128, 0.12)"
-                                 background-color: "rgba(107, 114, 128, 0.12)"
                                }}
                              >
                              <div
                                className="h-8 w-1 rounded-sm bg-[var(--muted-foreground)]"
                                style={{
+                                 opacity: 0.04008315949505601
-                                 opacity: "0.0402945"
+                                 backgroundColor: "rgba(107, 114, 128, 0.12)"
-                                 background-color: "rgba(107, 114, 128, 0.12)"
                                }}
                              >
                              <div
                                className="h-8 w-1 rounded-sm bg-[var(--muted-foreground)]"
                                style={{
+                                 opacity: 0.013287398923961469
-                                 opacity: "0.0377997"
+                                 backgroundColor: "rgba(107, 114, 128, 0.12)"
-                                 background-color: "rgba(107, 114, 128, 0.12)"
                                }}
                              >
                              <div
                                className="h-8 w-1 rounded-sm bg-[var(--muted-foreground)]"
                                style={{
+                                 opacity: 0.06329856681556491
-                                 opacity: "0.0520058"
+                                 backgroundColor: "rgba(107, 114, 128, 0.12)"
-                                 background-color: "rgba(107, 114, 128, 0.12)"
                                }}
                              >
                              <div
                                className="h-8 w-1 rounded-sm bg-[var(--muted-foreground)]"
                                style={{
+                                 opacity: 0.018423800731344038
-                                 opacity: "0.0312801"
+                                 backgroundColor: "rgba(107, 114, 128, 0.12)"
-                                 background-color: "rgba(107, 114, 128, 0.12)"
                                }}
                              >
                              <div
                                className="h-8 w-1 rounded-sm bg-[var(--muted-foreground)]"
                                style={{
+                                 opacity: 0.06921249134825963
-                                 opacity: "0.0378234"
+                                 backgroundColor: "rgba(107, 114, 128, 0.12)"
-                                 background-color: "rgba(107, 114, 128, 0.12)"
                                }}
                              >
                              <div
                                className="h-8 w-1 rounded-sm bg-[var(--muted-foreground)]"
                                style={{
+                                 opacity: 0.016760588882997234
-                                 opacity: "0.0405908"
+                                 backgroundColor: "rgba(107, 114, 128, 0.12)"
-                                 background-color: "rgba(107, 114, 128, 0.12)"
                                }}
                              >
                              <div
                                className="h-8 w-1 rounded-sm bg-[var(--muted-foreground)]"
                                style={{
+                                 opacity: 0.04347018581264911
-                                 opacity: "0.0437072"
+                                 backgroundColor: "rgba(107, 114, 128, 0.12)"
-                                 background-color: "rgba(107, 114, 128, 0.12)"
                                }}
                              >
                              <div
                                className="h-8 w-1 rounded-sm bg-[var(--muted-foreground)]"
                                style={{
+                                 opacity: 0.0388730805275218
-                                 opacity: "0.0695172"
+                                 backgroundColor: "rgba(107, 114, 128, 0.12)"
-                                 background-color: "rgba(107, 114, 128, 0.12)"
                                }}
                              >
                              <div
                                className="h-8 w-1 rounded-sm bg-[var(--muted-foreground)]"
                                style={{
+                                 opacity: 0.058748210087809234
-                                 opacity: "0.0350859"
+                                 backgroundColor: "rgba(107, 114, 128, 0.12)"
-                                 background-color: "rgba(107, 114, 128, 0.12)"
                                }}
                              >
                              <div
                                className="h-8 w-1 rounded-sm bg-[var(--muted-foreground)]"
                                style={{
+                                 opacity: 0.04558133551652345
-                                 opacity: "0.0633869"
+                                 backgroundColor: "rgba(107, 114, 128, 0.12)"
-                                 background-color: "rgba(107, 114, 128, 0.12)"
                                }}
                              >
                              <div
                                className="h-8 w-1 rounded-sm bg-[var(--muted-foreground)]"
                                style={{
+                                 opacity: 0.011734182685932617
-                                 opacity: "0.0168184"
+                                 backgroundColor: "rgba(107, 114, 128, 0.12)"
-                                 background-color: "rgba(107, 114, 128, 0.12)"
                                }}
                              >
                              <div
                                className="h-8 w-1 rounded-sm bg-[var(--muted-foreground)]"
                                style={{
+                                 opacity: 0.02014327149080596
-                                 opacity: "0.034114"
+                                 backgroundColor: "rgba(107, 114, 128, 0.12)"
-                                 background-color: "rgba(107, 114, 128, 0.12)"
                                }}
                              >
                              <div
                                className="h-8 w-1 rounded-sm bg-[var(--muted-foreground)]"
                                style={{
+                                 opacity: 0.03714380020881222
-                                 opacity: "0.0598165"
+                                 backgroundColor: "rgba(107, 114, 128, 0.12)"
-                                 background-color: "rgba(107, 114, 128, 0.12)"
                                }}
                              >
                              <div
                                className="h-8 w-1 rounded-sm bg-[var(--muted-foreground)]"
                                style={{
+                                 opacity: 0.018978011291334976
-                                 opacity: "0.0466261"
+                                 backgroundColor: "rgba(107, 114, 128, 0.12)"
-                                 background-color: "rgba(107, 114, 128, 0.12)"
                                }}
                              >
                              <div
                                className="h-8 w-1 rounded-sm bg-[var(--muted-foreground)]"
                                style={{
+                                 opacity: 0.010713107844238874
-                                 opacity: "0.0117788"
+                                 backgroundColor: "rgba(107, 114, 128, 0.12)"
-                                 background-color: "rgba(107, 114, 128, 0.12)"
                                }}
                              >
                              <div
                                className="h-8 w-1 rounded-sm bg-[var(--muted-foreground)]"
                                style={{
+                                 opacity: 0.06294474422499956
-                                 opacity: "0.0480157"
+                                 backgroundColor: "rgba(107, 114, 128, 0.12)"
-                                 background-color: "rgba(107, 114, 128, 0.12)"
                                }}
                              >
                              <div
                                className="h-8 w-1 rounded-sm bg-[var(--muted-foreground)]"
                                style={{
+                                 opacity: 0.03502701692992692
-                                 opacity: "0.0127362"
+                                 backgroundColor: "rgba(107, 114, 128, 0.12)"
-                                 background-color: "rgba(107, 114, 128, 0.12)"
                                }}
                              >
                            ...
                    ...
              ...
            ...
        ...
      ...
 
[browser] A tree hydrated but some attributes of the server rendered HTML didn't match the client properties. This won't be patched up. This can happen if a SSR-ed Client Component used:

- A server/client branch `if (typeof window !== 'undefined')`.
- Variable input such as `Date.now()` or `Math.random()` which changes each time it's called.
- Date formatting in a user's locale which doesn't match the server.
- External changing data without sending a snapshot of it along with the HTML.
- Invalid HTML tag nesting.

It can also happen if the client has a browser extension installed which messes with the HTML before React loaded.

https://react.dev/link/hydration-mismatch

  ...
    <RedirectErrorBoundary router={{...}}>
      <InnerLayoutRouter url="/" tree={[...]} params={{}} cacheNode={{rsc:{...}, ...}} segmentPath={[...]} ...>
        <SegmentViewNode type="page" pagePath="page.tsx">
          <SegmentTrieNode>
          <Home>
            <Navbar>
            <main className="flex flex-col">
              <Hero>
              <LightCurveUpload>
              <DetectionPipeline>
              <DashboardPreview>
              <ExplainableAI>
                <section id="explainabi..." className="border-b b...">
                  <div className="mx-auto ma...">
                    <div>
                    <div className="grid gap-4...">
                      <div>
                      <div className="flex flex-...">
                        <div>
                        <div className="rounded-lg...">
                          <div>
                          <div className="rounded bo...">
                            <div className="flex gap-0.5">
                              <div
                                className="h-8 w-1 rounded-sm bg-[var(--muted-foreground)]"
                                style={{
+                                 opacity: 0.025024712029075843
-                                 opacity: "0.0481666"
+                                 backgroundColor: "rgba(107, 114, 128, 0.12)"
-                                 background-color: "rgba(107, 114, 128, 0.12)"
                                }}
                              >
                              <div
                                className="h-8 w-1 rounded-sm bg-[var(--muted-foreground)]"
                                style={{
+                                 opacity: 0.024984639518814945
-                                 opacity: "0.0124802"
+                                 backgroundColor: "rgba(107, 114, 128, 0.12)"
-                                 background-color: "rgba(107, 114, 128, 0.12)"
                                }}
                              >
                              <div
                                className="h-8 w-1 rounded-sm bg-[var(--muted-foreground)]"
                                style={{
+                                 opacity: 0.017746901781392373
-                                 opacity: "0.0404837"
+                                 backgroundColor: "rgba(107, 114, 128, 0.12)"
-                                 background-color: "rgba(107, 114, 128, 0.12)"
                                }}
                              >
                              <div
                                className="h-8 w-1 rounded-sm bg-[var(--muted-foreground)]"
                                style={{
+                                 opacity: 0.06060650910352679
-                                 opacity: "0.0191694"
+                                 backgroundColor: "rgba(107, 114, 128, 0.12)"
-                                 background-color: "rgba(107, 114, 128, 0.12)"
                                }}
                              >
                              <div
                                className="h-8 w-1 rounded-sm bg-[var(--muted-foreground)]"
                                style={{
+                                 opacity: 0.0276080923651138
-                                 opacity: "0.0211677"
+                                 backgroundColor: "rgba(107, 114, 128, 0.12)"
-                                 background-color: "rgba(107, 114, 128, 0.12)"
                                }}
                              >
                              <div
                                className="h-8 w-1 rounded-sm bg-[var(--muted-foreground)]"
                                style={{
+                                 opacity: 0.03570388753086581
-                                 opacity: "0.0447472"
+                                 backgroundColor: "rgba(107, 114, 128, 0.12)"
-                                 background-color: "rgba(107, 114, 128, 0.12)"
                                }}
                              >
                              <div
                                className="h-8 w-1 rounded-sm bg-[var(--muted-foreground)]"
                                style={{
+                                 opacity: 0.06755959623817703
-                                 opacity: "0.0134149"
+                                 backgroundColor: "rgba(107, 114, 128, 0.12)"
-                                 background-color: "rgba(107, 114, 128, 0.12)"
                                }}
                              >
                              <div
                                className="h-8 w-1 rounded-sm bg-[var(--muted-foreground)]"
                                style={{
+                                 opacity: 0.015876280102438065
-                                 opacity: "0.0648745"
+                                 backgroundColor: "rgba(107, 114, 128, 0.12)"
-                                 background-color: "rgba(107, 114, 128, 0.12)"
                                }}
                              >
                              <div
                                className="h-8 w-1 rounded-sm bg-[var(--muted-foreground)]"
                                style={{
+                                 opacity: 0.03534114243293311
-                                 opacity: "0.0298351"
+                                 backgroundColor: "rgba(107, 114, 128, 0.12)"
-                                 background-color: "rgba(107, 114, 128, 0.12)"
                                }}
                              >
                              <div
                                className="h-8 w-1 rounded-sm bg-[var(--muted-foreground)]"
                                style={{
+                                 opacity: 0.02265558662674355
-                                 opacity: "0.0607947"
+                                 backgroundColor: "rgba(107, 114, 128, 0.12)"
-                                 background-color: "rgba(107, 114, 128, 0.12)"
                                }}
                              >
                              <div
                                className="h-8 w-1 rounded-sm bg-[var(--muted-foreground)]"
                                style={{
+                                 opacity: 0.0567875214922584
-                                 opacity: "0.0585136"
+                                 backgroundColor: "rgba(107, 114, 128, 0.12)"
-                                 background-color: "rgba(107, 114, 128, 0.12)"
                                }}
                              >
                              <div
                                className="h-8 w-1 rounded-sm bg-[var(--muted-foreground)]"
                                style={{
+                                 opacity: 0.06117245786008863
-                                 opacity: "0.0324324"
+                                 backgroundColor: "rgba(107, 114, 128, 0.12)"
-                                 background-color: "rgba(107, 114, 128, 0.12)"
                                }}
                              >
                              <div
                                className="h-8 w-1 rounded-sm bg-[var(--muted-foreground)]"
                                style={{
+                                 opacity: 0.012307780352697733
-                                 opacity: "0.0186621"
+                                 backgroundColor: "rgba(107, 114, 128, 0.12)"
-                                 background-color: "rgba(107, 114, 128, 0.12)"
                                }}
                              >
                              <div
                                className="h-8 w-1 rounded-sm bg-[var(--muted-foreground)]"
                                style={{
+                                 opacity: 0.02683274683626162
-                                 opacity: "0.0491483"
+                                 backgroundColor: "rgba(107, 114, 128, 0.12)"
-                                 background-color: "rgba(107, 114, 128, 0.12)"
                                }}
                              >
                              <div
                                className="h-8 w-1 rounded-sm bg-[var(--muted-foreground)]"
                                style={{
+                                 opacity: 0.0658714124677354
-                                 opacity: "0.053628"
+                                 backgroundColor: "rgba(107, 114, 128, 0.12)"
-                                 background-color: "rgba(107, 114, 128, 0.12)"
                                }}
                              >
                              <div
                                className="h-8 w-1 rounded-sm bg-[var(--muted-foreground)]"
                                style={{
+                                 opacity: 0.06848740086571986
-                                 opacity: "0.0422074"
+                                 backgroundColor: "rgba(107, 114, 128, 0.12)"
-                                 background-color: "rgba(107, 114, 128, 0.12)"
                                }}
                              >
                              <div
                                className="h-8 w-1 rounded-sm bg-[var(--muted-foreground)]"
                                style={{
+                                 opacity: 0.04505487329714604
-                                 opacity: "0.0144492"
+                                 backgroundColor: "rgba(107, 114, 128, 0.12)"
-                                 background-color: "rgba(107, 114, 128, 0.12)"
                                }}
                              >
                              <div
                                className="h-8 w-1 rounded-sm bg-[var(--muted-foreground)]"
                                style={{
+                                 opacity: 0.06592881091123126
-                                 opacity: "0.0426603"
+                                 backgroundColor: "rgba(107, 114, 128, 0.12)"
-                                 background-color: "rgba(107, 114, 128, 0.12)"
                                }}
                              >
                              <div
                                className="h-8 w-1 rounded-sm bg-[var(--muted-foreground)]"
                                style={{
+                                 opacity: 0.0647262876381756
-                                 opacity: "0.0546118"
+                                 backgroundColor: "rgba(107, 114, 128, 0.12)"
-                                 background-color: "rgba(107, 114, 128, 0.12)"
                                }}
                              >
                              <div
                                className="h-8 w-1 rounded-sm bg-[var(--muted-foreground)]"
                                style={{
+                                 opacity: 0.03050709949707879
-                                 opacity: "0.0235391"
+                                 backgroundColor: "rgba(107, 114, 128, 0.12)"
-                                 background-color: "rgba(107, 114, 128, 0.12)"
                                }}
                              >
                              <div
                                className="h-8 w-1 rounded-sm bg-[var(--muted-foreground)]"
                                style={{
+                                 opacity: 0.04575759518600571
-                                 opacity: "0.0360965"
+                                 backgroundColor: "rgba(107, 114, 128, 0.12)"
-                                 background-color: "rgba(107, 114, 128, 0.12)"
                                }}
                              >
                              <div
                                className="h-8 w-1 rounded-sm bg-[var(--muted-foreground)]"
                                style={{
+                                 opacity: 0.03293325672523013
-                                 opacity: "0.0594981"
+                                 backgroundColor: "rgba(107, 114, 128, 0.12)"
-                                 background-color: "rgba(107, 114, 128, 0.12)"
                                }}
                              >
                              <div
                                className="h-8 w-1 rounded-sm bg-[var(--muted-foreground)]"
                                style={{
+                                 opacity: 0.038705841392364555
-                                 opacity: "0.0231874"
+                                 backgroundColor: "rgba(107, 114, 128, 0.12)"
-                                 background-color: "rgba(107, 114, 128, 0.12)"
                                }}
                              >
                              <div
                                className="h-8 w-1 rounded-sm bg-[var(--muted-foreground)]"
                                style={{
+                                 opacity: 0.06331778744800162
-                                 opacity: "0.0677094"
+                                 backgroundColor: "rgba(107, 114, 128, 0.12)"
-                                 background-color: "rgba(107, 114, 128, 0.12)"
                                }}
                              >
                              <div
                                className="h-8 w-1 rounded-sm bg-[var(--primary)]"
                                style={{
+                                 opacity: 0.8060765232470168
-                                 opacity: "0.936659"
+                                 backgroundColor: "rgba(37, 99, 235, 0.9)"
-                                 background-color: "rgba(37, 99, 235, 0.9)"
                                }}
                              >
                              <div
                                className="h-8 w-1 rounded-sm bg-[var(--primary)]"
                                style={{
+                                 opacity: 0.8756840774490705
-                                 opacity: "0.76294"
+                                 backgroundColor: "rgba(37, 99, 235, 0.9)"
-                                 background-color: "rgba(37, 99, 235, 0.9)"
                                }}
                              >
                              <div
                                className="h-8 w-1 rounded-sm bg-[var(--primary)]"
                                style={{
+                                 opacity: 0.9417296026014387
-                                 opacity: "0.910698"
+                                 backgroundColor: "rgba(37, 99, 235, 0.9)"
-                                 background-color: "rgba(37, 99, 235, 0.9)"
                                }}
                              >
                              <div
                                className="h-8 w-1 rounded-sm bg-[var(--primary)]"
                                style={{
+                                 opacity: 0.8270705587186218
-                                 opacity: "0.929655"
+                                 backgroundColor: "rgba(37, 99, 235, 0.9)"
-                                 background-color: "rgba(37, 99, 235, 0.9)"
                                }}
                              >
                              <div
                                className="h-8 w-1 rounded-sm bg-[var(--primary)]"
                                style={{
+                                 opacity: 0.7494178973789434
-                                 opacity: "0.911947"
+                                 backgroundColor: "rgba(37, 99, 235, 0.9)"
-                                 background-color: "rgba(37, 99, 235, 0.9)"
                                }}
                              >
                              <div
                                className="h-8 w-1 rounded-sm bg-[var(--primary)]"
                                style={{
+                                 opacity: 0.7960485986796971
-                                 opacity: "0.870548"
+                                 backgroundColor: "rgba(37, 99, 235, 0.9)"
-                                 background-color: "rgba(37, 99, 235, 0.9)"
                                }}
                              >
                              <div
                                className="h-8 w-1 rounded-sm bg-[var(--primary)]"
                                style={{
+                                 opacity: 0.9112347188118167
-                                 opacity: "0.728636"
+                                 backgroundColor: "rgba(37, 99, 235, 0.9)"
-                                 background-color: "rgba(37, 99, 235, 0.9)"
                                }}
                              >
                              <div
                                className="h-8 w-1 rounded-sm bg-[var(--primary)]"
                                style={{
+                                 opacity: 0.6891302600875732
-                                 opacity: "0.77174"
+                                 backgroundColor: "rgba(37, 99, 235, 0.9)"
-                                 background-color: "rgba(37, 99, 235, 0.9)"
                                }}
                              >
                              <div
                                className="h-8 w-1 rounded-sm bg-[var(--primary)]"
                                style={{
+                                 opacity: 0.9458823477118912
-                                 opacity: "0.936541"
+                                 backgroundColor: "rgba(37, 99, 235, 0.9)"
-                                 background-color: "rgba(37, 99, 235, 0.9)"
                                }}
                              >
                              <div
                                className="h-8 w-1 rounded-sm bg-[var(--primary)]"
                                style={{
+                                 opacity: 0.6628380772106992
-                                 opacity: "0.794586"
+                                 backgroundColor: "rgba(37, 99, 235, 0.9)"
-                                 background-color: "rgba(37, 99, 235, 0.9)"
                                }}
                              >
                              <div
                                className="h-8 w-1 rounded-sm bg-[var(--primary)]"
                                style={{
+                                 opacity: 0.8769503519230339
-                                 opacity: "0.92185"
+                                 backgroundColor: "rgba(37, 99, 235, 0.9)"
-                                 background-color: "rgba(37, 99, 235, 0.9)"
                                }}
                              >
                              <div
                                className="h-8 w-1 rounded-sm bg-[var(--primary)]"
                                style={{
+                                 opacity: 0.6763419431830913
-                                 opacity: "0.635067"
+                                 backgroundColor: "rgba(37, 99, 235, 0.9)"
-                                 background-color: "rgba(37, 99, 235, 0.9)"
                                }}
                              >
                              <div
                                className="h-8 w-1 rounded-sm bg-[var(--primary)]"
                                style={{
+                                 opacity: 0.7183325928294007
-                                 opacity: "0.661667"
+                                 backgroundColor: "rgba(37, 99, 235, 0.9)"
-                                 background-color: "rgba(37, 99, 235, 0.9)"
                                }}
                              >
                              <div
                                className="h-8 w-1 rounded-sm bg-[var(--muted-foreground)]"
                                style={{
+                                 opacity: 0.034803338289213885
-                                 opacity: "0.0345004"
+                                 backgroundColor: "rgba(107, 114, 128, 0.12)"
-                                 background-color: "rgba(107, 114, 128, 0.12)"
                                }}
                              >
                              <div
                                className="h-8 w-1 rounded-sm bg-[var(--muted-foreground)]"
                                style={{
+                                 opacity: 0.06483788374772133
-                                 opacity: "0.0291072"
+                                 backgroundColor: "rgba(107, 114, 128, 0.12)"
-                                 background-color: "rgba(107, 114, 128, 0.12)"
                                }}
                              >
                              <div
                                className="h-8 w-1 rounded-sm bg-[var(--muted-foreground)]"
                                style={{
+                                 opacity: 0.060499196109225245
-                                 opacity: "0.0565974"
+                                 backgroundColor: "rgba(107, 114, 128, 0.12)"
-                                 background-color: "rgba(107, 114, 128, 0.12)"
                                }}
                              >
                              <div
                                className="h-8 w-1 rounded-sm bg-[var(--muted-foreground)]"
                                style={{
+                                 opacity: 0.0347761035493398
-                                 opacity: "0.0401234"
+                                 backgroundColor: "rgba(107, 114, 128, 0.12)"
-                                 background-color: "rgba(107, 114, 128, 0.12)"
                                }}
                              >
                              <div
                                className="h-8 w-1 rounded-sm bg-[var(--muted-foreground)]"
                                style={{
+                                 opacity: 0.032943886792492126
-                                 opacity: "0.0261544"
+                                 backgroundColor: "rgba(107, 114, 128, 0.12)"
-                                 background-color: "rgba(107, 114, 128, 0.12)"
                                }}
                              >
                              <div
                                className="h-8 w-1 rounded-sm bg-[var(--muted-foreground)]"
                                style={{
+                                 opacity: 0.05736697262977826
-                                 opacity: "0.0476916"
+                                 backgroundColor: "rgba(107, 114, 128, 0.12)"
-                                 background-color: "rgba(107, 114, 128, 0.12)"
                                }}
                              >
                              <div
                                className="h-8 w-1 rounded-sm bg-[var(--muted-foreground)]"
                                style={{
+                                 opacity: 0.03593286111982982
-                                 opacity: "0.0402945"
+                                 backgroundColor: "rgba(107, 114, 128, 0.12)"
-                                 background-color: "rgba(107, 114, 128, 0.12)"
                                }}
                              >
                              <div
                                className="h-8 w-1 rounded-sm bg-[var(--muted-foreground)]"
                                style={{
+                                 opacity: 0.013181354958046438
-                                 opacity: "0.0377997"
+                                 backgroundColor: "rgba(107, 114, 128, 0.12)"
-                                 background-color: "rgba(107, 114, 128, 0.12)"
                                }}
                              >
                              <div
                                className="h-8 w-1 rounded-sm bg-[var(--muted-foreground)]"
                                style={{
+                                 opacity: 0.025326343541737087
-                                 opacity: "0.0520058"
+                                 backgroundColor: "rgba(107, 114, 128, 0.12)"
-                                 background-color: "rgba(107, 114, 128, 0.12)"
                                }}
                              >
                              <div
                                className="h-8 w-1 rounded-sm bg-[var(--muted-foreground)]"
                                style={{
+                                 opacity: 0.011800536830281164
-                                 opacity: "0.0312801"
+                                 backgroundColor: "rgba(107, 114, 128, 0.12)"
-                                 background-color: "rgba(107, 114, 128, 0.12)"
                                }}
                              >
                              <div
                                className="h-8 w-1 rounded-sm bg-[var(--muted-foreground)]"
                                style={{
+                                 opacity: 0.044547773609259066
-                                 opacity: "0.0378234"
+                                 backgroundColor: "rgba(107, 114, 128, 0.12)"
-                                 background-color: "rgba(107, 114, 128, 0.12)"
                                }}
                              >
                              <div
                                className="h-8 w-1 rounded-sm bg-[var(--muted-foreground)]"
                                style={{
+                                 opacity: 0.03754062805181521
-                                 opacity: "0.0405908"
+                                 backgroundColor: "rgba(107, 114, 128, 0.12)"
-                                 background-color: "rgba(107, 114, 128, 0.12)"
                                }}
                              >
                              <div
                                className="h-8 w-1 rounded-sm bg-[var(--muted-foreground)]"
                                style={{
+                                 opacity: 0.045501607254805045
-                                 opacity: "0.0437072"
+                                 backgroundColor: "rgba(107, 114, 128, 0.12)"
-                                 background-color: "rgba(107, 114, 128, 0.12)"
                                }}
                              >
                              <div
                                className="h-8 w-1 rounded-sm bg-[var(--muted-foreground)]"
                                style={{
+                                 opacity: 0.06929223382868127
-                                 opacity: "0.0695172"
+                                 backgroundColor: "rgba(107, 114, 128, 0.12)"
-                                 background-color: "rgba(107, 114, 128, 0.12)"
                                }}
                              >
                              <div
                                className="h-8 w-1 rounded-sm bg-[var(--muted-foreground)]"
                                style={{
+                                 opacity: 0.06773863041359736
-                                 opacity: "0.0350859"
+                                 backgroundColor: "rgba(107, 114, 128, 0.12)"
-                                 background-color: "rgba(107, 114, 128, 0.12)"
                                }}
                              >
                              <div
                                className="h-8 w-1 rounded-sm bg-[var(--muted-foreground)]"
                                style={{
+                                 opacity: 0.06018669029255981
-                                 opacity: "0.0633869"
+                                 backgroundColor: "rgba(107, 114, 128, 0.12)"
-                                 background-color: "rgba(107, 114, 128, 0.12)"
                                }}
                              >
                              <div
                                className="h-8 w-1 rounded-sm bg-[var(--muted-foreground)]"
                                style={{
+                                 opacity: 0.013860000521048153
-                                 opacity: "0.0168184"
+                                 backgroundColor: "rgba(107, 114, 128, 0.12)"
-                                 background-color: "rgba(107, 114, 128, 0.12)"
                                }}
                              >
                              <div
                                className="h-8 w-1 rounded-sm bg-[var(--muted-foreground)]"
                                style={{
+                                 opacity: 0.03641078744915614
-                                 opacity: "0.034114"
+                                 backgroundColor: "rgba(107, 114, 128, 0.12)"
-                                 background-color: "rgba(107, 114, 128, 0.12)"
                                }}
                              >
                              <div
                                className="h-8 w-1 rounded-sm bg-[var(--muted-foreground)]"
                                style={{
+                                 opacity: 0.05896441713649186
-                                 opacity: "0.0598165"
+                                 backgroundColor: "rgba(107, 114, 128, 0.12)"
-                                 background-color: "rgba(107, 114, 128, 0.12)"
                                }}
                              >
                              <div
                                className="h-8 w-1 rounded-sm bg-[var(--muted-foreground)]"
                                style={{
+                                 opacity: 0.02188458614817558
-                                 opacity: "0.0466261"
+                                 backgroundColor: "rgba(107, 114, 128, 0.12)"
-                                 background-color: "rgba(107, 114, 128, 0.12)"
                                }}
                              >
                              <div
                                className="h-8 w-1 rounded-sm bg-[var(--muted-foreground)]"
                                style={{
+                                 opacity: 0.017911277514469165
-                                 opacity: "0.0117788"
+                                 backgroundColor: "rgba(107, 114, 128, 0.12)"
-                                 background-color: "rgba(107, 114, 128, 0.12)"
                                }}
                              >
                              <div
                                className="h-8 w-1 rounded-sm bg-[var(--muted-foreground)]"
                                style={{
+                                 opacity: 0.048576478717334226
-                                 opacity: "0.0480157"
+                                 backgroundColor: "rgba(107, 114, 128, 0.12)"
-                                 background-color: "rgba(107, 114, 128, 0.12)"
                                }}
                              >
                              <div
                                className="h-8 w-1 rounded-sm bg-[var(--muted-foreground)]"
                                style={{
+                                 opacity: 0.06141975087887671
-                                 opacity: "0.0127362"
+                                 backgroundColor: "rgba(107, 114, 128, 0.12)"
-                                 background-color: "rgba(107, 114, 128, 0.12)"
                                }}
                              >
                            ...
                    ...
              ...
            ...
        ...
      ...
 
[browser] A tree hydrated but some attributes of the server rendered HTML didn't match the client properties. This won't be patched up. This can happen if a SSR-ed Client Component used:

- A server/client branch `if (typeof window !== 'undefined')`.
- Variable input such as `Date.now()` or `Math.random()` which changes each time it's called.
- Date formatting in a user's locale which doesn't match the server.
- External changing data without sending a snapshot of it along with the HTML.
- Invalid HTML tag nesting.

It can also happen if the client has a browser extension installed which messes with the HTML before React loaded.

https://react.dev/link/hydration-mismatch

  ...
    <RedirectErrorBoundary router={{...}}>
      <InnerLayoutRouter url="/" tree={[...]} params={{}} cacheNode={{rsc:{...}, ...}} segmentPath={[...]} ...>
        <SegmentViewNode type="page" pagePath="page.tsx">
          <SegmentTrieNode>
          <Home>
            <Navbar>
            <main className="flex flex-col">
              <Hero>
              <LightCurveUpload>
              <DetectionPipeline>
              <DashboardPreview>
              <ExplainableAI>
                <section id="explainabi..." className="border-b b...">
                  <div className="mx-auto ma...">
                    <div>
                    <div className="grid gap-4...">
                      <div>
                      <div className="flex flex-...">
                        <div>
                        <div className="rounded-lg...">
                          <div>
                          <div className="rounded bo...">
                            <div className="flex gap-0.5">
                              <div
                                className="h-8 w-1 rounded-sm bg-[var(--muted-foreground)]"
                                style={{
+                                 opacity: 0.04278252671165752
-                                 opacity: "0.0481666"
+                                 backgroundColor: "rgba(107, 114, 128, 0.12)"
-                                 background-color: "rgba(107, 114, 128, 0.12)"
                                }}
                              >
                              <div
                                className="h-8 w-1 rounded-sm bg-[var(--muted-foreground)]"
                                style={{
+                                 opacity: 0.013679196711554261
-                                 opacity: "0.0124802"
+                                 backgroundColor: "rgba(107, 114, 128, 0.12)"
-                                 background-color: "rgba(107, 114, 128, 0.12)"
                                }}
                              >
                              <div
                                className="h-8 w-1 rounded-sm bg-[var(--muted-foreground)]"
                                style={{
+                                 opacity: 0.03109572316806121
-                                 opacity: "0.0404837"
+                                 backgroundColor: "rgba(107, 114, 128, 0.12)"
-                                 background-color: "rgba(107, 114, 128, 0.12)"
                                }}
                              >
                              <div
                                className="h-8 w-1 rounded-sm bg-[var(--muted-foreground)]"
                                style={{
+                                 opacity: 0.06718718278152826
-                                 opacity: "0.0191694"
+                                 backgroundColor: "rgba(107, 114, 128, 0.12)"
-                                 background-color: "rgba(107, 114, 128, 0.12)"
                                }}
                              >
                              <div
                                className="h-8 w-1 rounded-sm bg-[var(--muted-foreground)]"
                                style={{
+                                 opacity: 0.023828472429636233
-                                 opacity: "0.0211677"
+                                 backgroundColor: "rgba(107, 114, 128, 0.12)"
-                                 background-color: "rgba(107, 114, 128, 0.12)"
                                }}
                              >
                              <div
                                className="h-8 w-1 rounded-sm bg-[var(--muted-foreground)]"
                                style={{
+                                 opacity: 0.05290881752754879
-                                 opacity: "0.0447472"
+                                 backgroundColor: "rgba(107, 114, 128, 0.12)"
-                                 background-color: "rgba(107, 114, 128, 0.12)"
                                }}
                              >
                              <div
                                className="h-8 w-1 rounded-sm bg-[var(--muted-foreground)]"
                                style={{
+                                 opacity: 0.049273792528826015
-                                 opacity: "0.0134149"
+                                 backgroundColor: "rgba(107, 114, 128, 0.12)"
-                                 background-color: "rgba(107, 114, 128, 0.12)"
                                }}
                              >
                              <div
                                className="h-8 w-1 rounded-sm bg-[var(--muted-foreground)]"
                                style={{
+                                 opacity: 0.04738675040268611
-                                 opacity: "0.0648745"
+                                 backgroundColor: "rgba(107, 114, 128, 0.12)"
-                                 background-color: "rgba(107, 114, 128, 0.12)"
                                }}
                              >
                              <div
                                className="h-8 w-1 rounded-sm bg-[var(--muted-foreground)]"
                                style={{
+                                 opacity: 0.06603859787008678
-                                 opacity: "0.0298351"
+                                 backgroundColor: "rgba(107, 114, 128, 0.12)"
-                                 background-color: "rgba(107, 114, 128, 0.12)"
                                }}
                              >
                              <div
                                className="h-8 w-1 rounded-sm bg-[var(--muted-foreground)]"
                                style={{
+                                 opacity: 0.028425146881524505
-                                 opacity: "0.0607947"
+                                 backgroundColor: "rgba(107, 114, 128, 0.12)"
-                                 background-color: "rgba(107, 114, 128, 0.12)"
                                }}
                              >
                              <div
                                className="h-8 w-1 rounded-sm bg-[var(--muted-foreground)]"
                                style={{
+                                 opacity: 0.051081264431542664
-                                 opacity: "0.0585136"
+                                 backgroundColor: "rgba(107, 114, 128, 0.12)"
-                                 background-color: "rgba(107, 114, 128, 0.12)"
                                }}
                              >
                              <div
                                className="h-8 w-1 rounded-sm bg-[var(--muted-foreground)]"
                                style={{
+                                 opacity: 0.04845915274141027
-                                 opacity: "0.0324324"
+                                 backgroundColor: "rgba(107, 114, 128, 0.12)"
-                                 background-color: "rgba(107, 114, 128, 0.12)"
                                }}
                              >
                              <div
                                className="h-8 w-1 rounded-sm bg-[var(--muted-foreground)]"
                                style={{
+                                 opacity: 0.044499763931694414
-                                 opacity: "0.0186621"
+                                 backgroundColor: "rgba(107, 114, 128, 0.12)"
-                                 background-color: "rgba(107, 114, 128, 0.12)"
                                }}
                              >
                              <div
                                className="h-8 w-1 rounded-sm bg-[var(--muted-foreground)]"
                                style={{
+                                 opacity: 0.04040463957783233
-                                 opacity: "0.0491483"
+                                 backgroundColor: "rgba(107, 114, 128, 0.12)"
-                                 background-color: "rgba(107, 114, 128, 0.12)"
                                }}
                              >
                              <div
                                className="h-8 w-1 rounded-sm bg-[var(--muted-foreground)]"
                                style={{
+                                 opacity: 0.053582897209468745
-                                 opacity: "0.053628"
+                                 backgroundColor: "rgba(107, 114, 128, 0.12)"
-                                 background-color: "rgba(107, 114, 128, 0.12)"
                                }}
                              >
                              <div
                                className="h-8 w-1 rounded-sm bg-[var(--muted-foreground)]"
                                style={{
+                                 opacity: 0.04579446288635329
-                                 opacity: "0.0422074"
+                                 backgroundColor: "rgba(107, 114, 128, 0.12)"
-                                 background-color: "rgba(107, 114, 128, 0.12)"
                                }}
                              >
                              <div
                                className="h-8 w-1 rounded-sm bg-[var(--muted-foreground)]"
                                style={{
+                                 opacity: 0.041250006968965004
-                                 opacity: "0.0144492"
+                                 backgroundColor: "rgba(107, 114, 128, 0.12)"
-                                 background-color: "rgba(107, 114, 128, 0.12)"
                                }}
                              >
                              <div
                                className="h-8 w-1 rounded-sm bg-[var(--muted-foreground)]"
                                style={{
+                                 opacity: 0.04120208451896356
-                                 opacity: "0.0426603"
+                                 backgroundColor: "rgba(107, 114, 128, 0.12)"
-                                 background-color: "rgba(107, 114, 128, 0.12)"
                                }}
                              >
                              <div
                                className="h-8 w-1 rounded-sm bg-[var(--muted-foreground)]"
                                style={{
+                                 opacity: 0.046697237106983785
-                                 opacity: "0.0546118"
+                                 backgroundColor: "rgba(107, 114, 128, 0.12)"
-                                 background-color: "rgba(107, 114, 128, 0.12)"
                                }}
                              >
                              <div
                                className="h-8 w-1 rounded-sm bg-[var(--muted-foreground)]"
                                style={{
+                                 opacity: 0.030770327481738677
-                                 opacity: "0.0235391"
+                                 backgroundColor: "rgba(107, 114, 128, 0.12)"
-                                 background-color: "rgba(107, 114, 128, 0.12)"
                                }}
                              >
                              <div
                                className="h-8 w-1 rounded-sm bg-[var(--muted-foreground)]"
                                style={{
+                                 opacity: 0.019203738363987557
-                                 opacity: "0.0360965"
+                                 backgroundColor: "rgba(107, 114, 128, 0.12)"
-                                 background-color: "rgba(107, 114, 128, 0.12)"
                                }}
                              >
                              <div
                                className="h-8 w-1 rounded-sm bg-[var(--muted-foreground)]"
                                style={{
+                                 opacity: 0.06129255994259036
-                                 opacity: "0.0594981"
+                                 backgroundColor: "rgba(107, 114, 128, 0.12)"
-                                 background-color: "rgba(107, 114, 128, 0.12)"
                                }}
                              >
                              <div
                                className="h-8 w-1 rounded-sm bg-[var(--muted-foreground)]"
                                style={{
+                                 opacity: 0.0661363535221325
-                                 opacity: "0.0231874"
+                                 backgroundColor: "rgba(107, 114, 128, 0.12)"
-                                 background-color: "rgba(107, 114, 128, 0.12)"
                                }}
                              >
                              <div
                                className="h-8 w-1 rounded-sm bg-[var(--muted-foreground)]"
                                style={{
+                                 opacity: 0.06327913405481736
-                                 opacity: "0.0677094"
+                                 backgroundColor: "rgba(107, 114, 128, 0.12)"
-                                 background-color: "rgba(107, 114, 128, 0.12)"
                                }}
                              >
                              <div
                                className="h-8 w-1 rounded-sm bg-[var(--primary)]"
                                style={{
+                                 opacity: 0.8334660681553415
-                                 opacity: "0.936659"
+                                 backgroundColor: "rgba(37, 99, 235, 0.9)"
-                                 background-color: "rgba(37, 99, 235, 0.9)"
                                }}
                              >
                              <div
                                className="h-8 w-1 rounded-sm bg-[var(--primary)]"
                                style={{
+                                 opacity: 0.653059518607634
-                                 opacity: "0.76294"
+                                 backgroundColor: "rgba(37, 99, 235, 0.9)"
-                                 background-color: "rgba(37, 99, 235, 0.9)"
                                }}
                              >
                              <div
                                className="h-8 w-1 rounded-sm bg-[var(--primary)]"
                                style={{
+                                 opacity: 0.7325370340350267
-                                 opacity: "0.910698"
+                                 backgroundColor: "rgba(37, 99, 235, 0.9)"
-                                 background-color: "rgba(37, 99, 235, 0.9)"
                                }}
                              >
                              <div
                                className="h-8 w-1 rounded-sm bg-[var(--primary)]"
                                style={{
+                                 opacity: 0.8729605409128349
-                                 opacity: "0.929655"
+                                 backgroundColor: "rgba(37, 99, 235, 0.9)"
-                                 background-color: "rgba(37, 99, 235, 0.9)"
                                }}
                              >
                              <div
                                className="h-8 w-1 rounded-sm bg-[var(--primary)]"
                                style={{
+                                 opacity: 0.8425691402421435
-                                 opacity: "0.911947"
+                                 backgroundColor: "rgba(37, 99, 235, 0.9)"
-                                 background-color: "rgba(37, 99, 235, 0.9)"
                                }}
                              >
                              <div
                                className="h-8 w-1 rounded-sm bg-[var(--primary)]"
                                style={{
+                                 opacity: 0.6810300715007815
-                                 opacity: "0.870548"
+                                 backgroundColor: "rgba(37, 99, 235, 0.9)"
-                                 background-color: "rgba(37, 99, 235, 0.9)"
                                }}
                              >
                              <div
                                className="h-8 w-1 rounded-sm bg-[var(--primary)]"
                                style={{
+                                 opacity: 0.8276427759007985
-                                 opacity: "0.728636"
+                                 backgroundColor: "rgba(37, 99, 235, 0.9)"
-                                 background-color: "rgba(37, 99, 235, 0.9)"
                                }}
                              >
                              <div
                                className="h-8 w-1 rounded-sm bg-[var(--primary)]"
                                style={{
+                                 opacity: 0.6376440326709645
-                                 opacity: "0.77174"
+                                 backgroundColor: "rgba(37, 99, 235, 0.9)"
-                                 background-color: "rgba(37, 99, 235, 0.9)"
                                }}
                              >
                              <div
                                className="h-8 w-1 rounded-sm bg-[var(--primary)]"
                                style={{
+                                 opacity: 0.6532648877217163
-                                 opacity: "0.936541"
+                                 backgroundColor: "rgba(37, 99, 235, 0.9)"
-                                 background-color: "rgba(37, 99, 235, 0.9)"
                                }}
                              >
                              <div
                                className="h-8 w-1 rounded-sm bg-[var(--primary)]"
                                style={{
+                                 opacity: 0.9335829356108551
-                                 opacity: "0.794586"
+                                 backgroundColor: "rgba(37, 99, 235, 0.9)"
-                                 background-color: "rgba(37, 99, 235, 0.9)"
                                }}
                              >
                              <div
                                className="h-8 w-1 rounded-sm bg-[var(--primary)]"
                                style={{
+                                 opacity: 0.9464641279232757
-                                 opacity: "0.92185"
+                                 backgroundColor: "rgba(37, 99, 235, 0.9)"
-                                 background-color: "rgba(37, 99, 235, 0.9)"
                                }}
                              >
                              <div
                                className="h-8 w-1 rounded-sm bg-[var(--primary)]"
                                style={{
+                                 opacity: 0.6604804870349208
-                                 opacity: "0.635067"
+                                 backgroundColor: "rgba(37, 99, 235, 0.9)"
-                                 background-color: "rgba(37, 99, 235, 0.9)"
                                }}
                              >
                              <div
                                className="h-8 w-1 rounded-sm bg-[var(--primary)]"
                                style={{
+                                 opacity: 0.665776158333982
-                                 opacity: "0.661667"
+                                 backgroundColor: "rgba(37, 99, 235, 0.9)"
-                                 background-color: "rgba(37, 99, 235, 0.9)"
                                }}
                              >
                              <div
                                className="h-8 w-1 rounded-sm bg-[var(--muted-foreground)]"
                                style={{
+                                 opacity: 0.0549274490279138
-                                 opacity: "0.0345004"
+                                 backgroundColor: "rgba(107, 114, 128, 0.12)"
-                                 background-color: "rgba(107, 114, 128, 0.12)"
                                }}
                              >
                              <div
                                className="h-8 w-1 rounded-sm bg-[var(--muted-foreground)]"
                                style={{
+                                 opacity: 0.03804102875385604
-                                 opacity: "0.0291072"
+                                 backgroundColor: "rgba(107, 114, 128, 0.12)"
-                                 background-color: "rgba(107, 114, 128, 0.12)"
                                }}
                              >
                              <div
                                className="h-8 w-1 rounded-sm bg-[var(--muted-foreground)]"
                                style={{
+                                 opacity: 0.06115003398142242
-                                 opacity: "0.0565974"
+                                 backgroundColor: "rgba(107, 114, 128, 0.12)"
-                                 background-color: "rgba(107, 114, 128, 0.12)"
                                }}
                              >
                              <div
                                className="h-8 w-1 rounded-sm bg-[var(--muted-foreground)]"
                                style={{
+                                 opacity: 0.029588723128265777
-                                 opacity: "0.0401234"
+                                 backgroundColor: "rgba(107, 114, 128, 0.12)"
-                                 background-color: "rgba(107, 114, 128, 0.12)"
                                }}
                              >
                              <div
                                className="h-8 w-1 rounded-sm bg-[var(--muted-foreground)]"
                                style={{
+                                 opacity: 0.0453766926941818
-                                 opacity: "0.0261544"
+                                 backgroundColor: "rgba(107, 114, 128, 0.12)"
-                                 background-color: "rgba(107, 114, 128, 0.12)"
                                }}
                              >
                              <div
                                className="h-8 w-1 rounded-sm bg-[var(--muted-foreground)]"
                                style={{
+                                 opacity: 0.05498066290903649
-                                 opacity: "0.0476916"
+                                 backgroundColor: "rgba(107, 114, 128, 0.12)"
-                                 background-color: "rgba(107, 114, 128, 0.12)"
                                }}
                              >
                              <div
                                className="h-8 w-1 rounded-sm bg-[var(--muted-foreground)]"
                                style={{
+                                 opacity: 0.038358254336596974
-                                 opacity: "0.0402945"
+                                 backgroundColor: "rgba(107, 114, 128, 0.12)"
-                                 background-color: "rgba(107, 114, 128, 0.12)"
                                }}
                              >
                              <div
                                className="h-8 w-1 rounded-sm bg-[var(--muted-foreground)]"
                                style={{
+                                 opacity: 0.04753435661628048
-                                 opacity: "0.0377997"
+                                 backgroundColor: "rgba(107, 114, 128, 0.12)"
-                                 background-color: "rgba(107, 114, 128, 0.12)"
                                }}
                              >
                              <div
                                className="h-8 w-1 rounded-sm bg-[var(--muted-foreground)]"
                                style={{
+                                 opacity: 0.02630708418646594
-                                 opacity: "0.0520058"
+                                 backgroundColor: "rgba(107, 114, 128, 0.12)"
-                                 background-color: "rgba(107, 114, 128, 0.12)"
                                }}
                              >
                              <div
                                className="h-8 w-1 rounded-sm bg-[var(--muted-foreground)]"
                                style={{
+                                 opacity: 0.029039197244317014
-                                 opacity: "0.0312801"
+                                 backgroundColor: "rgba(107, 114, 128, 0.12)"
-                                 background-color: "rgba(107, 114, 128, 0.12)"
                                }}
                              >
                              <div
                                className="h-8 w-1 rounded-sm bg-[var(--muted-foreground)]"
                                style={{
+                                 opacity: 0.060061512622715536
-                                 opacity: "0.0378234"
+                                 backgroundColor: "rgba(107, 114, 128, 0.12)"
-                                 background-color: "rgba(107, 114, 128, 0.12)"
                                }}
                              >
                              <div
                                className="h-8 w-1 rounded-sm bg-[var(--muted-foreground)]"
                                style={{
+                                 opacity: 0.042258770829070286
-                                 opacity: "0.0405908"
+                                 backgroundColor: "rgba(107, 114, 128, 0.12)"
-                                 background-color: "rgba(107, 114, 128, 0.12)"
                                }}
                              >
                              <div
                                className="h-8 w-1 rounded-sm bg-[var(--muted-foreground)]"
                                style={{
+                                 opacity: 0.01493217672753638
-                                 opacity: "0.0437072"
+                                 backgroundColor: "rgba(107, 114, 128, 0.12)"
-                                 background-color: "rgba(107, 114, 128, 0.12)"
                                }}
                              >
                              <div
                                className="h-8 w-1 rounded-sm bg-[var(--muted-foreground)]"
                                style={{
+                                 opacity: 0.0136050718590826
-                                 opacity: "0.0695172"
+                                 backgroundColor: "rgba(107, 114, 128, 0.12)"
-                                 background-color: "rgba(107, 114, 128, 0.12)"
                                }}
                              >
                              <div
                                className="h-8 w-1 rounded-sm bg-[var(--muted-foreground)]"
                                style={{
+                                 opacity: 0.03403464904710765
-                                 opacity: "0.0350859"
+                                 backgroundColor: "rgba(107, 114, 128, 0.12)"
-                                 background-color: "rgba(107, 114, 128, 0.12)"
                                }}
                              >
                              <div
                                className="h-8 w-1 rounded-sm bg-[var(--muted-foreground)]"
                                style={{
+                                 opacity: 0.0683263056318913
-                                 opacity: "0.0633869"
+                                 backgroundColor: "rgba(107, 114, 128, 0.12)"
-                                 background-color: "rgba(107, 114, 128, 0.12)"
                                }}
                              >
                              <div
                                className="h-8 w-1 rounded-sm bg-[var(--muted-foreground)]"
                                style={{
+                                 opacity: 0.014747492356774434
-                                 opacity: "0.0168184"
+                                 backgroundColor: "rgba(107, 114, 128, 0.12)"
-                                 background-color: "rgba(107, 114, 128, 0.12)"
                                }}
                              >
                              <div
                                className="h-8 w-1 rounded-sm bg-[var(--muted-foreground)]"
                                style={{
+                                 opacity: 0.04315279280522676
-                                 opacity: "0.034114"
+                                 backgroundColor: "rgba(107, 114, 128, 0.12)"
-                                 background-color: "rgba(107, 114, 128, 0.12)"
                                }}
                              >
                              <div
                                className="h-8 w-1 rounded-sm bg-[var(--muted-foreground)]"
                                style={{
+                                 opacity: 0.018432813141036813
-                                 opacity: "0.0598165"
+                                 backgroundColor: "rgba(107, 114, 128, 0.12)"
-                                 background-color: "rgba(107, 114, 128, 0.12)"
                                }}
                              >
                              <div
                                className="h-8 w-1 rounded-sm bg-[var(--muted-foreground)]"
                                style={{
+                                 opacity: 0.05921474097615942
-                                 opacity: "0.0466261"
+                                 backgroundColor: "rgba(107, 114, 128, 0.12)"
-                                 background-color: "rgba(107, 114, 128, 0.12)"
                                }}
                              >
                              <div
                                className="h-8 w-1 rounded-sm bg-[var(--muted-foreground)]"
                                style={{
+                                 opacity: 0.05440568192307557
-                                 opacity: "0.0117788"
+                                 backgroundColor: "rgba(107, 114, 128, 0.12)"
-                                 background-color: "rgba(107, 114, 128, 0.12)"
                                }}
                              >
                              <div
                                className="h-8 w-1 rounded-sm bg-[var(--muted-foreground)]"
                                style={{
+                                 opacity: 0.048357729982563415
-                                 opacity: "0.0480157"
+                                 backgroundColor: "rgba(107, 114, 128, 0.12)"
-                                 background-color: "rgba(107, 114, 128, 0.12)"
                                }}
                              >
                              <div
                                className="h-8 w-1 rounded-sm bg-[var(--muted-foreground)]"
                                style={{
+                                 opacity: 0.04820245948353705
-                                 opacity: "0.0127362"
+                                 backgroundColor: "rgba(107, 114, 128, 0.12)"
-                                 background-color: "rgba(107, 114, 128, 0.12)"
                                }}
                              >
                            ...
                    ...
              ...
            ...
        ...
      ...
 
[browser] A tree hydrated but some attributes of the server rendered HTML didn't match the client properties. This won't be patched up. This can happen if a SSR-ed Client Component used:

- A server/client branch `if (typeof window !== 'undefined')`.
- Variable input such as `Date.now()` or `Math.random()` which changes each time it's called.
- Date formatting in a user's locale which doesn't match the server.
- External changing data without sending a snapshot of it along with the HTML.
- Invalid HTML tag nesting.

It can also happen if the client has a browser extension installed which messes with the HTML before React loaded.

https://react.dev/link/hydration-mismatch

  ...
    <RedirectErrorBoundary router={{...}}>
      <InnerLayoutRouter url="/#candidates" tree={[...]} params={{}} cacheNode={{rsc:{...}, ...}} segmentPath={[...]} ...>
        <SegmentViewNode type="page" pagePath="page.tsx">
          <SegmentTrieNode>
          <Home>
            <Navbar>
            <main className="flex flex-col">
              <Hero>
              <LightCurveUpload>
              <DetectionPipeline>
              <DashboardPreview>
              <ExplainableAI>
                <section id="explainabi..." className="border-b b...">
                  <div className="mx-auto ma...">
                    <div>
                    <div className="grid gap-4...">
                      <div>
                      <div className="flex flex-...">
                        <div>
                        <div className="rounded-lg...">
                          <div>
                          <div className="rounded bo...">
                            <div className="flex gap-0.5">
                              <div
                                className="h-8 w-1 rounded-sm bg-[var(--muted-foreground)]"
                                style={{
+                                 opacity: 0.024646213169239452
-                                 opacity: "0.0481666"
+                                 backgroundColor: "rgba(107, 114, 128, 0.12)"
-                                 background-color: "rgba(107, 114, 128, 0.12)"
                                }}
                              >
                              <div
                                className="h-8 w-1 rounded-sm bg-[var(--muted-foreground)]"
                                style={{
+                                 opacity: 0.023921325636169895
-                                 opacity: "0.0124802"
+                                 backgroundColor: "rgba(107, 114, 128, 0.12)"
-                                 background-color: "rgba(107, 114, 128, 0.12)"
                                }}
                              >
                              <div
                                className="h-8 w-1 rounded-sm bg-[var(--muted-foreground)]"
                                style={{
+                                 opacity: 0.010228849650618177
-                                 opacity: "0.0404837"
+                                 backgroundColor: "rgba(107, 114, 128, 0.12)"
-                                 background-color: "rgba(107, 114, 128, 0.12)"
                                }}
                              >
                              <div
                                className="h-8 w-1 rounded-sm bg-[var(--muted-foreground)]"
                                style={{
+                                 opacity: 0.03318148099293609
-                                 opacity: "0.0191694"
+                                 backgroundColor: "rgba(107, 114, 128, 0.12)"
-                                 background-color: "rgba(107, 114, 128, 0.12)"
                                }}
                              >
                              <div
                                className="h-8 w-1 rounded-sm bg-[var(--muted-foreground)]"
                                style={{
+                                 opacity: 0.06292634976273069
-                                 opacity: "0.0211677"
+                                 backgroundColor: "rgba(107, 114, 128, 0.12)"
-                                 background-color: "rgba(107, 114, 128, 0.12)"
                                }}
                              >
                              <div
                                className="h-8 w-1 rounded-sm bg-[var(--muted-foreground)]"
                                style={{
+                                 opacity: 0.04286462876015359
-                                 opacity: "0.0447472"
+                                 backgroundColor: "rgba(107, 114, 128, 0.12)"
-                                 background-color: "rgba(107, 114, 128, 0.12)"
                                }}
                              >
                              <div
                                className="h-8 w-1 rounded-sm bg-[var(--muted-foreground)]"
                                style={{
+                                 opacity: 0.04880706184475208
-                                 opacity: "0.0134149"
+                                 backgroundColor: "rgba(107, 114, 128, 0.12)"
-                                 background-color: "rgba(107, 114, 128, 0.12)"
                                }}
                              >
                              <div
                                className="h-8 w-1 rounded-sm bg-[var(--muted-foreground)]"
                                style={{
+                                 opacity: 0.054614366690537756
-                                 opacity: "0.0648745"
+                                 backgroundColor: "rgba(107, 114, 128, 0.12)"
-                                 background-color: "rgba(107, 114, 128, 0.12)"
                                }}
                              >
                              <div
                                className="h-8 w-1 rounded-sm bg-[var(--muted-foreground)]"
                                style={{
+                                 opacity: 0.04578270007261109
-                                 opacity: "0.0298351"
+                                 backgroundColor: "rgba(107, 114, 128, 0.12)"
-                                 background-color: "rgba(107, 114, 128, 0.12)"
                                }}
                              >
                              <div
                                className="h-8 w-1 rounded-sm bg-[var(--muted-foreground)]"
                                style={{
+                                 opacity: 0.035354759986821034
-                                 opacity: "0.0607947"
+                                 backgroundColor: "rgba(107, 114, 128, 0.12)"
-                                 background-color: "rgba(107, 114, 128, 0.12)"
                                }}
                              >
                              <div
                                className="h-8 w-1 rounded-sm bg-[var(--muted-foreground)]"
                                style={{
+                                 opacity: 0.057363624797346774
-                                 opacity: "0.0585136"
+                                 backgroundColor: "rgba(107, 114, 128, 0.12)"
-                                 background-color: "rgba(107, 114, 128, 0.12)"
                                }}
                              >
                              <div
                                className="h-8 w-1 rounded-sm bg-[var(--muted-foreground)]"
                                style={{
+                                 opacity: 0.03954524431571923
-                                 opacity: "0.0324324"
+                                 backgroundColor: "rgba(107, 114, 128, 0.12)"
-                                 background-color: "rgba(107, 114, 128, 0.12)"
                                }}
                              >
                              <div
                                className="h-8 w-1 rounded-sm bg-[var(--muted-foreground)]"
                                style={{
+                                 opacity: 0.01123581346571238
-                                 opacity: "0.0186621"
+                                 backgroundColor: "rgba(107, 114, 128, 0.12)"
-                                 background-color: "rgba(107, 114, 128, 0.12)"
                                }}
                              >
                              <div
                                className="h-8 w-1 rounded-sm bg-[var(--muted-foreground)]"
                                style={{
+                                 opacity: 0.05949020853591017
-                                 opacity: "0.0491483"
+                                 backgroundColor: "rgba(107, 114, 128, 0.12)"
-                                 background-color: "rgba(107, 114, 128, 0.12)"
                                }}
                              >
                              <div
                                className="h-8 w-1 rounded-sm bg-[var(--muted-foreground)]"
                                style={{
+                                 opacity: 0.013470197455769226
-                                 opacity: "0.053628"
+                                 backgroundColor: "rgba(107, 114, 128, 0.12)"
-                                 background-color: "rgba(107, 114, 128, 0.12)"
                                }}
                              >
                              <div
                                className="h-8 w-1 rounded-sm bg-[var(--muted-foreground)]"
                                style={{
+                                 opacity: 0.06017767188036588
-                                 opacity: "0.0422074"
+                                 backgroundColor: "rgba(107, 114, 128, 0.12)"
-                                 background-color: "rgba(107, 114, 128, 0.12)"
                                }}
                              >
                              <div
                                className="h-8 w-1 rounded-sm bg-[var(--muted-foreground)]"
                                style={{
+                                 opacity: 0.03865040792025905
-                                 opacity: "0.0144492"
+                                 backgroundColor: "rgba(107, 114, 128, 0.12)"
-                                 background-color: "rgba(107, 114, 128, 0.12)"
                                }}
                              >
                              <div
                                className="h-8 w-1 rounded-sm bg-[var(--muted-foreground)]"
                                style={{
+                                 opacity: 0.049657574735592694
-                                 opacity: "0.0426603"
+                                 backgroundColor: "rgba(107, 114, 128, 0.12)"
-                                 background-color: "rgba(107, 114, 128, 0.12)"
                                }}
                              >
                              <div
                                className="h-8 w-1 rounded-sm bg-[var(--muted-foreground)]"
                                style={{
+                                 opacity: 0.042089899865049005
-                                 opacity: "0.0546118"
+                                 backgroundColor: "rgba(107, 114, 128, 0.12)"
-                                 background-color: "rgba(107, 114, 128, 0.12)"
                                }}
                              >
                              <div
                                className="h-8 w-1 rounded-sm bg-[var(--muted-foreground)]"
                                style={{
+                                 opacity: 0.02125968953810619
-                                 opacity: "0.0235391"
+                                 backgroundColor: "rgba(107, 114, 128, 0.12)"
-                                 background-color: "rgba(107, 114, 128, 0.12)"
                                }}
                              >
                              <div
                                className="h-8 w-1 rounded-sm bg-[var(--muted-foreground)]"
                                style={{
+                                 opacity: 0.030944116445715965
-                                 opacity: "0.0360965"
+                                 backgroundColor: "rgba(107, 114, 128, 0.12)"
-                                 background-color: "rgba(107, 114, 128, 0.12)"
                                }}
                              >
                              <div
                                className="h-8 w-1 rounded-sm bg-[var(--muted-foreground)]"
                                style={{
+                                 opacity: 0.015454498899618144
-                                 opacity: "0.0594981"
+                                 backgroundColor: "rgba(107, 114, 128, 0.12)"
-                                 background-color: "rgba(107, 114, 128, 0.12)"
                                }}
                              >
                              <div
                                className="h-8 w-1 rounded-sm bg-[var(--muted-foreground)]"
                                style={{
+                                 opacity: 0.02227305747877199
-                                 opacity: "0.0231874"
+                                 backgroundColor: "rgba(107, 114, 128, 0.12)"
-                                 background-color: "rgba(107, 114, 128, 0.12)"
                                }}
                              >
                              <div
                                className="h-8 w-1 rounded-sm bg-[var(--muted-foreground)]"
                                style={{
+                                 opacity: 0.06013613029530435
-                                 opacity: "0.0677094"
+                                 backgroundColor: "rgba(107, 114, 128, 0.12)"
-                                 background-color: "rgba(107, 114, 128, 0.12)"
                                }}
                              >
                              <div
                                className="h-8 w-1 rounded-sm bg-[var(--primary)]"
                                style={{
+                                 opacity: 0.7408130860966515
-                                 opacity: "0.936659"
+                                 backgroundColor: "rgba(37, 99, 235, 0.9)"
-                                 background-color: "rgba(37, 99, 235, 0.9)"
                                }}
                              >
                              <div
                                className="h-8 w-1 rounded-sm bg-[var(--primary)]"
                                style={{
+                                 opacity: 0.8643638686956991
-                                 opacity: "0.76294"
+                                 backgroundColor: "rgba(37, 99, 235, 0.9)"
-                                 background-color: "rgba(37, 99, 235, 0.9)"
                                }}
                              >
                              <div
                                className="h-8 w-1 rounded-sm bg-[var(--primary)]"
                                style={{
+                                 opacity: 0.6185399256658537
-                                 opacity: "0.910698"
+                                 backgroundColor: "rgba(37, 99, 235, 0.9)"
-                                 background-color: "rgba(37, 99, 235, 0.9)"
                                }}
                              >
                              <div
                                className="h-8 w-1 rounded-sm bg-[var(--primary)]"
                                style={{
+                                 opacity: 0.9397808593447531
-                                 opacity: "0.929655"
+                                 backgroundColor: "rgba(37, 99, 235, 0.9)"
-                                 background-color: "rgba(37, 99, 235, 0.9)"
                                }}
                              >
                              <div
                                className="h-8 w-1 rounded-sm bg-[var(--primary)]"
                                style={{
+                                 opacity: 0.6320178255230582
-                                 opacity: "0.911947"
+                                 backgroundColor: "rgba(37, 99, 235, 0.9)"
-                                 background-color: "rgba(37, 99, 235, 0.9)"
                                }}
                              >
                              <div
                                className="h-8 w-1 rounded-sm bg-[var(--primary)]"
                                style={{
+                                 opacity: 0.9073328408073325
-                                 opacity: "0.870548"
+                                 backgroundColor: "rgba(37, 99, 235, 0.9)"
-                                 background-color: "rgba(37, 99, 235, 0.9)"
                                }}
                              >
                              <div
                                className="h-8 w-1 rounded-sm bg-[var(--primary)]"
                                style={{
+                                 opacity: 0.7230130642696199
-                                 opacity: "0.728636"
+                                 backgroundColor: "rgba(37, 99, 235, 0.9)"
-                                 background-color: "rgba(37, 99, 235, 0.9)"
                                }}
                              >
                              <div
                                className="h-8 w-1 rounded-sm bg-[var(--primary)]"
                                style={{
+                                 opacity: 0.7447899531913029
-                                 opacity: "0.77174"
+                                 backgroundColor: "rgba(37, 99, 235, 0.9)"
-                                 background-color: "rgba(37, 99, 235, 0.9)"
                                }}
                              >
                              <div
                                className="h-8 w-1 rounded-sm bg-[var(--primary)]"
                                style={{
+                                 opacity: 0.8399730802108655
-                                 opacity: "0.936541"
+                                 backgroundColor: "rgba(37, 99, 235, 0.9)"
-                                 background-color: "rgba(37, 99, 235, 0.9)"
                                }}
                              >
                              <div
                                className="h-8 w-1 rounded-sm bg-[var(--primary)]"
                                style={{
+                                 opacity: 0.6013850820560204
-                                 opacity: "0.794586"
+                                 backgroundColor: "rgba(37, 99, 235, 0.9)"
-                                 background-color: "rgba(37, 99, 235, 0.9)"
                                }}
                              >
                              <div
                                className="h-8 w-1 rounded-sm bg-[var(--primary)]"
                                style={{
+                                 opacity: 0.6637911324913804
-                                 opacity: "0.92185"
+                                 backgroundColor: "rgba(37, 99, 235, 0.9)"
-                                 background-color: "rgba(37, 99, 235, 0.9)"
                                }}
                              >
                              <div
                                className="h-8 w-1 rounded-sm bg-[var(--primary)]"
                                style={{
+                                 opacity: 0.7102794831282505
-                                 opacity: "0.635067"
+                                 backgroundColor: "rgba(37, 99, 235, 0.9)"
-                                 background-color: "rgba(37, 99, 235, 0.9)"
                                }}
                              >
                              <div
                                className="h-8 w-1 rounded-sm bg-[var(--primary)]"
                                style={{
+                                 opacity: 0.6062761875353961
-                                 opacity: "0.661667"
+                                 backgroundColor: "rgba(37, 99, 235, 0.9)"
-                                 background-color: "rgba(37, 99, 235, 0.9)"
                                }}
                              >
                              <div
                                className="h-8 w-1 rounded-sm bg-[var(--muted-foreground)]"
                                style={{
+                                 opacity: 0.04277673512315942
-                                 opacity: "0.0345004"
+                                 backgroundColor: "rgba(107, 114, 128, 0.12)"
-                                 background-color: "rgba(107, 114, 128, 0.12)"
                                }}
                              >
                              <div
                                className="h-8 w-1 rounded-sm bg-[var(--muted-foreground)]"
                                style={{
+                                 opacity: 0.02468322432305864
-                                 opacity: "0.0291072"
+                                 backgroundColor: "rgba(107, 114, 128, 0.12)"
-                                 background-color: "rgba(107, 114, 128, 0.12)"
                                }}
                              >
                              <div
                                className="h-8 w-1 rounded-sm bg-[var(--muted-foreground)]"
                                style={{
+                                 opacity: 0.0399987207554654
-                                 opacity: "0.0565974"
+                                 backgroundColor: "rgba(107, 114, 128, 0.12)"
-                                 background-color: "rgba(107, 114, 128, 0.12)"
                                }}
                              >
                              <div
                                className="h-8 w-1 rounded-sm bg-[var(--muted-foreground)]"
                                style={{
+                                 opacity: 0.05229519983353903
-                                 opacity: "0.0401234"
+                                 backgroundColor: "rgba(107, 114, 128, 0.12)"
-                                 background-color: "rgba(107, 114, 128, 0.12)"
                                }}
                              >
                              <div
                                className="h-8 w-1 rounded-sm bg-[var(--muted-foreground)]"
                                style={{
+                                 opacity: 0.06402080043205652
-                                 opacity: "0.0261544"
+                                 backgroundColor: "rgba(107, 114, 128, 0.12)"
-                                 background-color: "rgba(107, 114, 128, 0.12)"
                                }}
                              >
                              <div
                                className="h-8 w-1 rounded-sm bg-[var(--muted-foreground)]"
                                style={{
+                                 opacity: 0.061288504002777515
-                                 opacity: "0.0476916"
+                                 backgroundColor: "rgba(107, 114, 128, 0.12)"
-                                 background-color: "rgba(107, 114, 128, 0.12)"
                                }}
                              >
                              <div
                                className="h-8 w-1 rounded-sm bg-[var(--muted-foreground)]"
                                style={{
+                                 opacity: 0.0336690724408415
-                                 opacity: "0.0402945"
+                                 backgroundColor: "rgba(107, 114, 128, 0.12)"
-                                 background-color: "rgba(107, 114, 128, 0.12)"
                                }}
                              >
                              <div
                                className="h-8 w-1 rounded-sm bg-[var(--muted-foreground)]"
                                style={{
+                                 opacity: 0.01724185599614363
-                                 opacity: "0.0377997"
+                                 backgroundColor: "rgba(107, 114, 128, 0.12)"
-                                 background-color: "rgba(107, 114, 128, 0.12)"
                                }}
                              >
                              <div
                                className="h-8 w-1 rounded-sm bg-[var(--muted-foreground)]"
                                style={{
+                                 opacity: 0.04126853392856912
-                                 opacity: "0.0520058"
+                                 backgroundColor: "rgba(107, 114, 128, 0.12)"
-                                 background-color: "rgba(107, 114, 128, 0.12)"
                                }}
                              >
                              <div
                                className="h-8 w-1 rounded-sm bg-[var(--muted-foreground)]"
                                style={{
+                                 opacity: 0.04031543373480648
-                                 opacity: "0.0312801"
+                                 backgroundColor: "rgba(107, 114, 128, 0.12)"
-                                 background-color: "rgba(107, 114, 128, 0.12)"
                                }}
                              >
                              <div
                                className="h-8 w-1 rounded-sm bg-[var(--muted-foreground)]"
                                style={{
+                                 opacity: 0.01597626268679134
-                                 opacity: "0.0378234"
+                                 backgroundColor: "rgba(107, 114, 128, 0.12)"
-                                 background-color: "rgba(107, 114, 128, 0.12)"
                                }}
                              >
                              <div
                                className="h-8 w-1 rounded-sm bg-[var(--muted-foreground)]"
                                style={{
+                                 opacity: 0.041178080860102745
-                                 opacity: "0.0405908"
+                                 backgroundColor: "rgba(107, 114, 128, 0.12)"
-                                 background-color: "rgba(107, 114, 128, 0.12)"
                                }}
                              >
                              <div
                                className="h-8 w-1 rounded-sm bg-[var(--muted-foreground)]"
                                style={{
+                                 opacity: 0.02517671139572349
-                                 opacity: "0.0437072"
+                                 backgroundColor: "rgba(107, 114, 128, 0.12)"
-                                 background-color: "rgba(107, 114, 128, 0.12)"
                                }}
                              >
                              <div
                                className="h-8 w-1 rounded-sm bg-[var(--muted-foreground)]"
                                style={{
+                                 opacity: 0.04588654406647312
-                                 opacity: "0.0695172"
+                                 backgroundColor: "rgba(107, 114, 128, 0.12)"
-                                 background-color: "rgba(107, 114, 128, 0.12)"
                                }}
                              >
                              <div
                                className="h-8 w-1 rounded-sm bg-[var(--muted-foreground)]"
                                style={{
+                                 opacity: 0.03165250024483207
-                                 opacity: "0.0350859"
+                                 backgroundColor: "rgba(107, 114, 128, 0.12)"
-                                 background-color: "rgba(107, 114, 128, 0.12)"
                                }}
                              >
                              <div
                                className="h-8 w-1 rounded-sm bg-[var(--muted-foreground)]"
                                style={{
+                                 opacity: 0.02698573554806788
-                                 opacity: "0.0633869"
+                                 backgroundColor: "rgba(107, 114, 128, 0.12)"
-                                 background-color: "rgba(107, 114, 128, 0.12)"
                                }}
                              >
                              <div
                                className="h-8 w-1 rounded-sm bg-[var(--muted-foreground)]"
                                style={{
+                                 opacity: 0.061294021724886114
-                                 opacity: "0.0168184"
+                                 backgroundColor: "rgba(107, 114, 128, 0.12)"
-                                 background-color: "rgba(107, 114, 128, 0.12)"
                                }}
                              >
                              <div
                                className="h-8 w-1 rounded-sm bg-[var(--muted-foreground)]"
                                style={{
+                                 opacity: 0.047015362095686575
-                                 opacity: "0.034114"
+                                 backgroundColor: "rgba(107, 114, 128, 0.12)"
-                                 background-color: "rgba(107, 114, 128, 0.12)"
                                }}
                              >
                              <div
                                className="h-8 w-1 rounded-sm bg-[var(--muted-foreground)]"
                                style={{
+                                 opacity: 0.056597628407787356
-                                 opacity: "0.0598165"
+                                 backgroundColor: "rgba(107, 114, 128, 0.12)"
-                                 background-color: "rgba(107, 114, 128, 0.12)"
                                }}
                              >
                              <div
                                className="h-8 w-1 rounded-sm bg-[var(--muted-foreground)]"
                                style={{
+                                 opacity: 0.06323586284941346
-                                 opacity: "0.0466261"
+                                 backgroundColor: "rgba(107, 114, 128, 0.12)"
-                                 background-color: "rgba(107, 114, 128, 0.12)"
                                }}
                              >
                              <div
                                className="h-8 w-1 rounded-sm bg-[var(--muted-foreground)]"
                                style={{
+                                 opacity: 0.0663306782070552
-                                 opacity: "0.0117788"
+                                 backgroundColor: "rgba(107, 114, 128, 0.12)"
-                                 background-color: "rgba(107, 114, 128, 0.12)"
                                }}
                              >
                              <div
                                className="h-8 w-1 rounded-sm bg-[var(--muted-foreground)]"
                                style={{
+                                 opacity: 0.02322662453165079
-                                 opacity: "0.0480157"
+                                 backgroundColor: "rgba(107, 114, 128, 0.12)"
-                                 background-color: "rgba(107, 114, 128, 0.12)"
                                }}
                              >
                              <div
                                className="h-8 w-1 rounded-sm bg-[var(--muted-foreground)]"
                                style={{
+                                 opacity: 0.06404337412556659
-                                 opacity: "0.0127362"
+                                 backgroundColor: "rgba(107, 114, 128, 0.12)"
-                                 background-color: "rgba(107, 114, 128, 0.12)"
                                }}
                              >
                            ...
                    ...
              ...
            ...
        ...
      ...
 
